File,Epoch,Event,Coef,VarCoef
Ox010101,1,bg,0.353173673,6.012549725
Ox010101,2,bg,1.10964334,12.77084464
Ox010101,3,cl,2.955138496,13.78130561
Ox010101,4,bg,0.813964213,4.845692727
Ox010101,5,hl,6.186848781,4.073288733
Ox010401,1,bg,0.778150233,0.117092463
Ox010401,2,bg,0.417284577,0.013752302
Ox010401,3,cl,0.460135148,0.008457179
Ox010401,4,bg,-0.278309232,0.008767666
Ox010401,5,hl,1.206185804,0.014851862
Ox010701,1,bg,0.150611908,0.004856307
Ox010701,2,bg,0.483642616,0.020972809
Ox010701,3,cl,0.506299559,0.026830232
Ox010701,4,bg,0.279870115,0.009001012
Ox010701,5,hl,0.600405678,0.006263325
Ox010801,1,bg,0.448044359,0.018038926
Ox010801,2,bg,1.657523583,0.156752925
Ox010801,3,cl,0.177629324,0.019012067
Ox010801,4,bg,0.413707494,0.017005996
Ox010801,5,hl,0.927190504,0.036028312
Ox010901,1,bg,0.169387324,0.006378098
Ox010901,2,bg,0.157908358,0.023938022
Ox010901,3,cl,0.219264998,0.006475453
Ox010901,4,bg,0.764181695,0.012930305
Ox010901,5,hl,0.9306286,0.029765592
Ox011001,1,bg,0.116516062,0.009167897
Ox011001,2,bg,0.614292179,0.011734087
Ox011001,3,cl,0.790528651,0.013773585
Ox011001,4,bg,0.127985863,0.013346751
Ox011001,5,hl,0.620837621,0.018822818
Ox011201,1,bg,0.302341623,0.004186621
Ox011201,2,bg,0.734411915,0.00801827
Ox011201,3,cl,0.732629989,0.011131058
Ox011201,4,bg,0.251600493,0.001661949
Ox011201,5,hl,0.804819596,0.055818735
Ox011401,1,bg,0.236186212,0.010072472
Ox011401,2,bg,0.021204524,0.003211386
Ox011401,3,cl,-0.155000481,0.006737942
Ox011401,4,bg,0.375872772,0.006435344
Ox011401,5,hl,2.134160496,0.011857177
Ox011801,1,bg,0.164715561,0.001413003
Ox011801,2,bg,2.74826273,0.202665845
Ox011801,3,cl,0.769212553,0.001542874
Ox011801,4,bg,0.239568981,0.002113437
Ox011801,5,hl,0.96198948,0.02001603
Ox011901,1,bg,1.306631892,0.008030302
Ox011901,2,cl,0.341313216,0.021027005
Ox012201,1,bg,-0.010104802,0.005052454
Ox012201,2,bg,0.067170007,0.004744547
Ox012201,3,cl,0.614380024,0.008369786
Ox012201,4,bg,0.233339274,0.013198444
Ox012201,5,hl,0.521184038,0.017850347
Ox012301,1,bg,-0.073273177,0.00617216
Ox012301,2,bg,0.290724955,0.004904635
Ox012301,3,cl,0.525180315,0.005134053
Ox012301,4,bg,0.044005161,0.007584916
Ox012301,5,hl,2.972511277,0.054537992
Ox012401,1,bg,0.239750996,0.023833936
Ox012401,2,bg,0.080417457,0.013722842
Ox012401,3,cl,0.136333413,0.006913088
Ox012401,4,bg,-0.024033647,0.014286626
Ox012401,5,hl,1.088376869,0.016712669
Ox012501,1,bg,0.384640696,0.010749381
Ox012501,2,bg,0.429182805,0.0033185
Ox012501,3,cl,0.501038551,0.007803927
Ox012501,4,bg,0.073198654,0.006454229
Ox012501,5,hl,0.68981303,0.00673487
Ox012601,1,bg,0.744419553,0.008649405
Ox012601,2,cl,0.970867475,0.037453803
Ox012601,3,bg,0.57454537,0.046016486
Ox012601,4,hl,0.582992259,0.018394448
Ox030201,1,bg,0.832519736,0.016568888
Ox030201,2,bg,0.41635333,0.024268015
Ox030201,3,cl,0.933406452,0.034950939
Ox030201,4,bg,0.392449874,0.047800415
Ox030201,5,hl,0.89064049,0.020390334
Ox030601,1,bg,1.128550566,0.003982575
Ox030601,2,tf,0.480376311,0.016510524
Ox030601,3,bg,0.406671963,0.00310978
Ox030601,4,cl,0.852950174,0.01786632
Ox030601,5,bg,0.249801356,0.003873652
Ox030601,6,hl,2.612951132,0.023898099
Ox040402,1,bg,0.363838034,0.002983256
Ox040402,2,bg,0.412454748,0.008336845
Ox040402,3,tf,-0.009869034,0.005687559
Ox040402,4,bg,0.096969551,0.020850119
Ox040402,5,cl,0.543876526,0.004945246
Ox040402,6,bg,0.101014493,0.003000331
Ox040402,7,hl,0.749393809,0.002734851
Ox041101,1,bg,0.887878057,0.027657685
Ox041101,2,bg,0.151982945,0.002347573
Ox041101,3,tf,0.508586573,0.013430731
Ox041101,4,bg,0.307166616,0.002967023
Ox041101,5,cl,-0.054487569,0.003398372
Ox041101,6,bg,0.832110407,0.019433448
Ox041101,7,hl,1.375029221,0.013182893
Ox041201,1,bg,0.150544637,0.000741435
Ox041201,2,bg,0.540578487,0.011614379
Ox041201,3,tf,0.482926344,0.029575219
Ox041201,4,bg,0.135898893,0.000563635
Ox041201,5,cl,0.001295457,0.013185121
Ox041201,6,bg,0.095351889,0.001060216
Ox041201,7,hl,1.195165062,0.022549734
Ox100901,1,bg,0.458413626,0.015740747
Ox100901,2,tf,0.006576641,0.026989476
Ox150401,1,bg,0.577711183,0.009169527
Ox150401,2,bg,-0.00341339,0.01349413
Ox150401,3,cl,0.721894112,0.035554846
Ox150401,4,bg,0.750986809,0.010084228
Ox150401,5,hl,0.805028873,0.033922826
Ox160301,1,bg,-0.248565439,0.005546625
Ox160301,2,cl,0.14179458,0.033725434
Ox160301,3,bg,0.174877255,0.010546896
Ox160301,4,hl,0.164724998,0.011423564
Ox160401,1,bg,-0.058767447,0.010344005
Ox160401,2,cl,0.681115646,0.007593988
Ox160401,3,bg,0.355641923,0.017558945
Ox160401,4,hl,1.3746334,0.05132251
Ox160501,1,bg,0.94322133,0.014629585
Ox160501,2,cl,1.433817092,0.012661989
Ox160501,3,bg,0.420734831,0.017042173
Ox160501,4,hl,2.316526808,0.022074528
Ox160801,1,bg,-0.292949441,0.007445433
Ox160801,2,cl,0.269660226,0.004728733
Ox160801,3,bg,0.389450058,0.004740605
Ox160801,4,hl,-0.100270648,0.017986692
Ox160901,1,bg,0.47809716,0.052864761
Ox160901,2,cl,2.086408705,0.042650413
Ox160901,3,bg,0.564671414,0.00982832
Ox160901,4,hl,2.235544186,0.017743021
Ox161001,1,bg,1.268697238,0.03474145
Ox161001,2,cl,-0.228383005,0.004364655
Ox161001,3,bg,0.465674731,0.004160908
Ox161001,4,hl,1.422223995,0.012734827
Ox161101,1,bg,0.228345001,0.009038032
Ox161101,2,cl,0.629183778,0.015075049
Ox161101,3,bg,0.702200587,0.009046228
Ox161101,4,hl,0.833938323,0.012240349
Ox161301,1,bg,0.265479844,0.006357652
Ox161301,2,cl,0.879261356,0.0782126
Ox161301,3,bg,0.883398627,0.011688241
Ox161301,4,hl,1.262281662,0.027092287
Ox161401,1,bg,0.762812524,0.015140649
Ox161401,2,cl,0.270977914,0.009590902
Ox161401,3,bg,1.04765829,0.010558962
Ox161401,4,hl,1.168235545,0.042467044
Ox161501,1,bg,0.280013376,0.004345606
Ox161501,2,cl,0.121135685,0.011372189
Ox161501,3,bg,0.141535755,0.011649418
Ox161501,4,hl,0.727233468,0.012763476
Ox180401,1,bg,0.450251113,0.037147738
Ox180401,2,tf,0.941861944,0.019739771
Ox180501,1,bg,0.294854928,0.004714332
Ox180501,2,bg,0.631862924,0.006152726
Ox180501,3,tf,0.481613465,0.00925717
Ox180601,1,bg,0.268018443,0.006725588
Ox180601,2,tf,-0.080544213,0.007587545
Ox180701,1,bg,0.522239663,0.00534981
Ox180701,2,bg,-0.031344749,0.014204591
Ox180701,3,tf,0.706114814,0.003994537
Ox180901,1,bg,0.822585496,0.015604539
Ox180901,2,bg,0.006542721,0.037814273
Ox180901,3,tf,0.437719877,0.020358855
Ox181001,1,bg,2.257502034,0.174343052
Ox181001,2,tf,0.245727369,0.046985509
Ox181201,1,bg,0.612688966,0.023290263
Ox181201,2,tf,0.244190358,0.004733823
Ox181301,1,bg,0.159390875,0.009671542
Ox181301,2,tf,-0.002723202,0.041217893
Ox181401,1,bg,0.085410022,0.006716104
Ox181401,2,tf,0.290843712,0.031134102
Ox181501,1,bg,0.575883391,0.006105324
Ox181501,2,bg,0.085387969,0.015027343
Ox181501,3,tf,0.085636986,0.007859936
Ox181601,1,bg,0.070084752,0.002703539
Ox181601,2,tf,0.226403489,0.001486498
Ox182001,1,bg,0.624965135,0.008007345
Ox182001,2,bg,1.275823187,0.027347966
Ox182001,3,tf,1.349931883,0.044335971
Ox200101,1,bg,0.193023901,0.011114692
Ox200101,2,bg,0.921152543,0.003092227
Ox200101,3,cl,1.212338237,0.009832371
Ox200101,4,bg,0.694362785,0.016427279
Ox200101,5,hl,1.337941429,0.046764289
Ox200201,1,bg,0.254903514,0.015133172
Ox200201,2,bg,0.014973264,0.005694716
Ox200201,3,cl,0.508893241,0.005376102
Ox200201,4,bg,0.201772717,0.004856122
Ox200201,5,hl,0.69108308,0.02241811
Ox200301,1,bg,0.876451935,0.00779592
Ox200301,2,bg,0.087993657,0.005040992
Ox200301,3,cl,0.119324547,0.005027752
Ox200301,4,bg,0.202417391,0.010864112
Ox200301,5,hl,0.037612062,0.004028828
Ox200401,1,bg,0.147024113,0.009379626
Ox200401,2,bg,0.669052398,0.009629407
Ox200401,3,cl,0.620097467,0.019311474
Ox200401,4,bg,0.34757534,0.009140607
Ox200401,5,hl,0.092207175,0.013748946
Ox200501,1,bg,0.998660428,0.005536557
Ox200501,2,bg,0.339054995,0.004587397
Ox200501,3,cl,0.724949631,0.00509744
Ox200501,4,bg,0.878040086,0.010746566
Ox200501,5,hl,2.384973346,0.065488428
Ox200601,1,bg,0.30521874,0.003789627
Ox200601,2,bg,0.285860016,0.002591498
Ox200601,3,cl,0.330497025,0.017910635
Ox200601,4,bg,0.649333808,0.015073682
Ox200601,5,hl,0.805587425,0.015492674
Ox200701,1,bg,0.292388669,0.003859339
Ox200701,2,bg,0.691324781,0.006819666
Ox200701,3,cl,-0.040428022,0.01724721
Ox200701,4,bg,0.232644086,0.012728555
Ox200701,5,hl,0.12542716,0.004657802
Ox200801,1,bg,0.033174692,0.009424211
Ox200801,2,bg,0.358367486,0.013598684
Ox200801,3,cl,0.410461408,0.004435547
Ox200801,4,bg,0.452707846,0.012096219
Ox200801,5,hl,0.995223233,0.012927085
Ox200901,1,bg,0.749154021,0.010109755
Ox200901,2,bg,2.458133803,0.064762685
Ox200901,3,cl,0.822883793,0.007491135
Ox200901,4,bg,0.549232624,0.031321931
Ox200901,5,hl,0.618684162,0.022598669
Ox201001,1,bg,-0.13194349,0.010660366
Ox201001,2,bg,0.092365324,0.005871638
Ox201001,3,cl,0.283381759,0.01200239
Ox201001,4,bg,0.56416687,0.020356537
Ox201001,5,hl,0.664171716,0.032454976
Ox201101,1,bg,0.135121359,0.039217195
Ox201101,2,bg,0.853927444,0.006751416
Ox201101,3,cl,1.149535121,0.020675618
Ox201101,4,bg,0.770893733,0.00852279
Ox201101,5,hl,0.763613355,0.014666157
Ox201301,1,bg,4.046893204,0.106091879
Ox201301,2,bg,0.741821705,0.018987891
Ox201301,3,cl,3.338202329,0.133797186
Ox201301,4,bg,0.348900814,0.025742564
Ox201301,5,hl,3.311727328,0.044746832
Ox201501,1,bg,0.231463152,0.007206572
Ox201501,2,bg,0.996140868,0.008642495
Ox201501,3,cl,1.339487751,0.012138112
Ox201501,4,bg,1.107233441,0.010194311
Ox201501,5,hl,0.283422146,0.014558723
Ox201601,1,bg,0.945438816,0.010434405
Ox201601,2,bg,0.820160508,0.016106237
Ox201601,3,cl,-0.409230977,0.02903906
Ox201601,4,bg,0.320636224,0.00735453
Ox201601,5,hl,1.12249014,0.005837956
Ox201701,1,bg,0.765459947,0.014827875
Ox201701,2,bg,0.519708749,0.00498915
Ox201701,3,cl,0.759449369,0.026846271
Ox201701,4,bg,0.253724073,0.009478128
Ox201701,5,hl,0.946822255,0.013171835
Ox201801,1,bg,0.436035073,0.012036204
Ox201801,2,bg,1.715680074,0.036340714
Ox201801,3,cl,-0.087767322,0.011114075
Ox201801,4,bg,1.121507349,0.065261824
Ox201801,5,hl,4.357330714,0.062046192
Ox201901,1,bg,0.262613622,0.004083589
Ox201901,2,bg,0.002619842,0.025394134
Ox201901,3,cl,0.25200957,0.006867169
Ox201901,4,bg,0.021223369,0.008157274
Ox201901,5,hl,0.660289721,0.010858849
Ox202101,1,bg,0.169683895,0.001243537
Ox202101,2,bg,0.277104961,0.000924896
Ox202101,3,cl,0.174111872,0.001803585
Ox202101,4,bg,0.10436076,0.002008279
Ox202101,5,hl,0.217988229,0.002340525
Ox202201,1,bg,0.119930956,0.004848561
Ox202201,2,bg,0.339342155,0.01352987
Ox202201,3,cl,0.040165764,0.017399949
Ox202201,4,bg,0.671573112,0.008802784
Ox202201,5,hl,2.530442864,0.021365133
Ox202301,1,bg,0.546107649,0.015580777
Ox202301,2,bg,0.574133732,0.00565373
Ox202301,3,cl,0.139094438,0.025748805
Ox202301,4,bg,0.420295963,0.005412881
Ox202301,5,hl,0.381778659,0.024080714
Ox202401,1,bg,-0.011609984,0.004935111
Ox202401,2,bg,0.577262949,0.005558803
Ox202401,3,lp,0.174778102,0.006973351
Ox202501,1,bg,-0.132101261,0.012247192
Ox202501,2,bg,0.088517346,0.009888251
Ox202501,3,cl,0.094007452,0.054189322
Ox202501,4,bg,0.56814692,0.017832361
Ox202501,5,hl,0.1167752,0.006229942
Ox202601,1,bg,0.824376015,0.016669649
Ox202601,2,bg,0.194371274,0.005852859
Ox202601,3,cl,0.169756652,0.007624115
Ox202601,4,bg,1.195919911,0.00889582
Ox202601,5,hl,1.936705986,0.012171006
Ox202701,1,bg,0.638336657,0.013894721
Ox202701,2,bg,0.954047761,0.006156059
Ox202701,3,cl,0.264277035,0.006515101
Ox202701,4,bg,0.771530458,0.014055177
Ox202701,5,hl,1.248630877,0.023197413
Ox202801,1,bg,0.095832793,0.003390351
Ox202801,2,bg,0.465349582,0.018325927
Ox202801,3,cl,0.377009941,0.017364809
Ox202801,4,bg,0.012786357,0.00398008
Ox202801,5,hl,0.092496331,0.01441745
Ox202901,1,bg,0.233697732,0.015864082
Ox202901,2,bg,0.242197336,0.005672709
Ox202901,3,cl,0.24131329,0.005103602
Ox202901,4,bg,0.384747666,0.004557069
Ox202901,5,hl,0.577475436,0.006692587
Ox203001,1,bg,0.362636909,0.016699783
Ox203001,2,bg,0.565154114,0.002329068
Ox203001,3,cl,0.098966756,0.001408796
Ox203001,4,bg,0.549227024,0.001330196
Ox203001,5,hl,1.62675827,0.044170073
Ox203201,1,bg,0.149243764,0.005999795
Ox203201,2,bg,0.947291314,0.007265538
Ox203201,3,cl,0.339392726,0.016482734
Ox203201,4,bg,0.371504086,0.00425481
Ox203201,5,hl,0.535065927,0.01177806
Ox203301,1,bg,0.294201911,0.005911434
Ox203301,2,bg,0.355636573,0.008565431
Ox203301,3,cl,0.359814404,0.019846767
Ox203301,4,bg,0.875393842,0.088795164
Ox203301,5,hl,0.34329287,0.006835553
Ox203401,1,bg,0.138833767,0.001176208
Ox203401,2,bg,0.276727845,0.003648834
Ox203401,3,cl,0.400430684,0.007823553
Ox203401,4,bg,0.018609168,0.001657009
Ox203401,5,hl,0.029349359,0.002186096
Ox203501,1,bg,0.096254448,0.00078598
Ox203501,2,bg,0.143430159,0.001133684
Ox203501,3,cl,0.227220066,0.001863574
Ox203501,4,bg,0.243037182,0.002604274
Ox203501,5,hl,1.428869032,0.001584772
Ox203601,1,bg,0.046973372,0.00636482
Ox203601,2,bg,0.031477878,0.00600836
Ox203601,3,cl,0.500794147,0.007240549
Ox203601,4,bg,0.484797627,0.008965459
Ox203601,5,hl,0.762675822,0.007740018
Ox203701,1,bg,0.538645852,0.02985112
Ox203701,2,bg,0.30582273,0.010910749
Ox203701,3,cl,0.436168197,0.00810932
Ox203701,4,bg,0.50651676,0.007568033
Ox203701,5,hl,0.95851861,0.006870747
Ox203801,1,bg,0.260026986,0.002169006
Ox203801,2,bg,0.661021389,0.003530923
Ox203801,3,cl,0.161930661,0.002351024
Ox203801,4,bg,0.366274379,0.006412962
Ox203801,5,hl,0.686774638,0.00767872
Ox220301,1,bg,0.146369586,0.003575195
Ox220301,2,bg,0.157915444,0.004978853
Ox220301,3,cl,0.511103816,0.005713409
Ox220301,4,bg,0.348653845,0.013541602
Ox220301,5,hl,1.174325688,0.018345712
Ox220401,1,bg,0.207071086,0.004916865
Ox220401,2,bg,0.192467836,0.002280276
Ox220401,3,cl,0.170712427,0.006379528
Ox220401,4,bg,0.62883417,0.030330747
Ox220401,5,hl,2.300605843,0.013914985
Ox220501,1,bg,0.024823479,0.001344617
Ox220501,2,bg,-0.012472489,0.000966431
Ox220501,3,cl,0.416207403,0.005530589
Ox220501,4,bg,0.275559415,0.002055097
Ox220501,5,hl,0.465458798,0.007166065
Ox220601,1,bg,0.229738592,0.009643812
Ox220601,2,bg,0.113351532,0.008247958
Ox220601,3,cl,0.438363274,0.008133299
Ox220601,4,bg,0.118710935,0.005555548
Ox220601,5,hl,0.721615598,0.010484453
Ox220701,1,bg,-0.173484641,0.006805481
Ox220701,2,bg,1.551676136,0.013717163
Ox220701,3,cl,0.020004181,0.001052467
Ox220701,4,bg,0.27687408,0.001017433
Ox220701,5,hl,0.677972417,0.004184683
Ox220801,1,bg,0.056592871,0.024122575
Ox220801,2,cl,-0.003637068,0.002686388
Ox220801,3,bg,0.104264873,0.004501186
Ox220801,4,hl,0.866952527,0.010024606
Ox230101,1,bg,-0.010074199,0.006296763
Ox230101,2,tf,0.769387671,0.094936165
Ox230201,1,bg,0.189013897,0.007352221
Ox230201,2,tf,-0.034191387,0.007377083
Ox230201,3,bg,0.542034785,0.004298427
Ox230301,1,bg,1.006294156,0.017056193
Ox230301,2,bg,0.1863221,0.004466968
Ox230301,3,tf,0.421020524,0.010737234
Ox230401,1,bg,0.235861666,0.003657878
Ox230401,2,bg,0.24671387,0.009590134
Ox230401,3,tf,0.295723518,0.009065451
Ox230501,1,bg,0.220798586,0.010008249
Ox230501,2,bg,0.025812123,0.011227916
Ox230501,3,tf,0.381276599,0.007687845
Ox230601,1,bg,-0.09313825,0.024532124
Ox230601,2,bg,0.437359154,0.005603926
Ox230601,3,tf,0.302990134,0.015126018
Ox231601,1,bg,-0.014552132,0.002537583
Ox231601,2,tf,0.224854377,0.003960952
Ox231601,3,bg,0.111832161,0.002612515
Ox231801,1,bg,0.098780328,0.010129835
Ox231801,2,bg,0.333458748,0.002245665
Ox231801,3,tf,0.304540262,0.001451483
Ox231901,1,bg,0.150479853,0.004701486
Ox231901,2,bg,0.327232329,0.003860228
Ox231901,3,tf,0.341951698,0.004144972
Ox232001,1,bg,0.074298365,0.003375874
Ox232001,2,tf,0.125306683,0.006905982
Ox232001,3,bg,0.566261352,0.012279772
Ox232101,1,bg,0.613246941,0.006021942
Ox232101,2,bg,0.364548887,0.003824118
Ox232101,3,tf,0.183954048,0.003736233
Ox232201,1,bg,0.054045081,0.00037783
Ox232201,2,bg,0.047864907,0.000661557
Ox232201,3,tf,0.065070468,0.000495549
Ox232301,1,bg,0.074117831,0.00331976
Ox232301,2,bg,0.654809764,0.005296344
Ox232301,3,tf,0.092519649,0.004593474
Ox232401,1,bg,1.157516875,0.007029736
Ox232401,2,bg,0.684267919,0.018761811
Ox232401,3,tf,0.253514158,0.008226047
Ox232502,1,bg,0.10052142,0.001275679
Ox232502,2,bg,-0.097604838,0.002473571
Ox232502,3,tf,0.457040272,0.001755917
Ox232502,4,bg,0.570818064,0.020475365
Ox232502,5,cl,0.773431852,0.01089077
Ox232502,6,bg,0.323225104,0.005583686
Ox232502,7,hl,1.070532433,0.030147563
Ox232601,1,bg,0.034878381,0.009089587
Ox232601,2,tf,0.381980354,0.005379946
Ox232601,3,bg,0.379776049,0.002056273
Ox271001,1,bg,0.70080596,0.020838983
Ox271001,2,cl,0.559166928,0.029504624
Ox271001,3,bg,-0.091101728,0.020124667
Ox271001,4,hl,1.733635431,0.009838552
Ox290101,1,bg,0.078200093,0.008744238
Ox290101,2,bg,0.524343562,0.015120497
Ox290101,3,cl,0.528176929,0.015635551
Ox290101,4,bg,-0.292704173,0.016989874
Ox290101,5,hl,0.607308926,0.014627519
Ox290201,1,bg,-0.022568506,0.007227479
Ox290201,2,bg,-0.385294184,0.005914248
Ox290201,3,cl,0.567546738,0.002916414
Ox290301,1,bg,0.374909642,0.007722925
Ox290301,2,bg,-0.098178557,0.004952676
Ox290301,3,cl,1.001518665,0.044179069
Ox290301,4,bg,0.393956093,0.01006174
Ox290301,5,hl,1.680955417,0.042642447
Ox290401,1,bg,0.323381499,0.009536839
Ox290401,2,bg,1.127161445,0.010927206
Ox290401,3,cl,0.262484236,0.016496246
Ox290401,4,bg,0.751915928,0.014633486
Ox290401,5,hl,1.723073326,0.039350008
Ox290501,1,bg,0.947617656,0.011622569
Ox290501,2,bg,0.444053508,0.014474756
Ox290501,3,cl,0.007996513,0.00688558
Ox290501,4,bg,0.757715455,0.005852754
Ox290501,5,hl,0.579686925,0.0116206
Ox300101,1,bg,0.235510403,0.009269153
Ox300101,2,bg,0.201420694,0.005173524
Ox300101,3,cn,0.447209814,0.010098728
Ox300201,1,bg,0.57528787,0.003474316
Ox300201,2,bg,1.063191637,0.0123919
Ox300201,3,cn,0.859053307,0.007752004
Ox300301,1,bg,0.17967878,0.009051841
Ox300301,2,cn,0.219433589,0.005226164
Ox300401,1,bg,-0.217156537,0.042308747
Ox300401,2,bg,0.548576965,0.017255519
Ox300401,3,cn,1.705082476,0.014485008
Ox300501,1,bg,0.92539808,0.005701912
Ox300501,2,bg,0.708634106,0.011902135
Ox300501,3,cn,1.588267505,0.006507376
Ox300601,1,bg,0.601782479,0.00577894
Ox300601,2,bg,0.257765885,0.008788843
Ox300601,3,cn,0.200034775,0.019280766
Ox300701,1,bg,0.083563029,0.005424407
Ox300701,2,bg,0.271299919,0.008412845
Ox300701,3,cn,0.127557907,0.004575042
Ox300801,1,bg,1.017970331,0.013508719
Ox300801,2,bg,0.265872582,0.002829698
Ox300801,3,cn,0.4710931,0.003961312
Ox300901,1,bg,0.179696799,0.006294996
Ox300901,2,bg,0.082241123,0.003120012
Ox300901,3,cn,0.415137871,0.00927338
Ox301001,1,bg,0.715279693,0.013812222
Ox301001,2,bg,0.545771133,0.013234348
Ox301001,3,cn,1.521728443,0.00890985
Ox301101,1,bg,0.5335322,0.00529906
Ox301101,2,bg,0.393057811,0.012699137
Ox301101,3,cn,0.530358396,0.010705862
Ox301201,1,bg,0.861629396,0.006495801
Ox301201,2,bg,0.141303952,0.013014029
Ox301201,3,cn,1.042890033,0.017773636
Ox301301,1,bg,0.365794637,0.014807096
Ox301301,2,bg,0.246680466,0.00688514
Ox301301,3,cn,0.47507067,0.012026105
Ox301401,1,bg,0.544699453,0.007235012
Ox301401,2,bg,0.10599712,0.003686033
Ox301401,3,cn,0.256573586,0.016170655
Ox301801,1,bg,-0.095767119,0.015538106
Ox301801,2,bg,0.521039012,0.025826596
Ox301801,3,cn,0.864498161,0.017543433
Ox302001,1,bg,0.605051127,0.004298629
Ox302001,2,cn,0.484705612,0.004694949
Ox302101,1,bg,1.044349294,0.014687325
Ox302101,2,bg,0.153909967,0.004540426
Ox302101,3,cn,0.556718827,0.002508932
Ox302201,1,bg,0.579969592,0.004018811
Ox302201,2,bg,0.785289322,0.008358897
Ox302201,3,cn,0.589061028,0.013128294
Ox302401,1,bg,0.374450535,0.004911549
Ox302401,2,bg,0.344407968,0.003953982
Ox302401,3,cn,0.910290747,0.009021309
Ox302501,1,bg,1.206515044,0.020587132
Ox302501,2,bg,0.602767381,0.012325039
Ox302501,3,cn,1.251599028,0.018382954
Ox302601,1,bg,0.169323143,0.019912016
Ox302601,2,bg,-0.133765292,0.01789268
Ox302601,3,cn,1.271965216,0.020195317
Ox302701,1,bg,0.269460225,0.029908392
Ox302701,2,bg,0.39545787,0.007629104
Ox302701,3,cn,0.243862998,0.020472745
Ox302901,1,bg,0.727042611,0.019400586
Ox302901,2,bg,0.787553823,0.006511748
Ox302901,3,cn,0.541594246,0.019935052
Ox303001,1,bg,0.516640434,0.012802696
Ox303001,2,bg,-0.046842406,0.004843092
Ox303001,3,cn,0.342483235,0.005242274
Ox310101,1,bg,0.20209529,0.010568612
Ox310101,2,bg,0.048056576,0.005310186
Ox310101,3,tf,0.140736759,0.010577634
Ox310201,1,bg,0.408693464,0.010998085
Ox310201,2,bg,0.45971729,0.040055205
Ox310201,3,tf,-0.237887392,0.015278541
Ox320101,1,bg,0.333006265,0.004189443
Ox320101,2,bg,0.381534247,0.005062536
Ox320101,3,cl,0.00862486,0.012447895
Ox320101,4,bg,0.444899296,0.005862024
Ox320101,5,hl,0.660513285,0.014000458
Ox320201,1,bg,0.417546526,0.004182838
Ox320201,2,bg,-0.10486327,0.017221333
Ox320201,3,cl,0.111543476,0.002046651
Ox320201,4,bg,0.435117471,0.006235026
Ox320201,5,hl,2.414559421,0.006882347
Ox320301,1,bg,0.500334875,0.053016578
Ox320301,2,bg,0.091963163,0.024387298
Ox320301,3,cl,0.469741187,0.003379353
Ox320301,4,bg,0.160995349,0.001658416
Ox320301,5,hl,0.262055244,0.007056067
Ox320401,1,bg,0.088947507,0.00428264
Ox320401,2,bg,0.469510518,0.006249728
Ox320401,3,cl,0.610006894,0.002890493
Ox320401,4,bg,0.238524005,0.006437231
Ox320401,5,hl,0.671497765,0.01195848
Ox320501,1,bg,0.663484655,0.002757754
Ox320501,2,bg,0.426552596,0.007512455
Ox320501,3,cl,1.085529637,0.012594346
Ox320501,4,bg,0.570010075,0.012006496
Ox320501,5,hl,0.647082193,0.020376135
Ox320601,1,bg,0.955180461,0.024255806
Ox320601,2,bg,-0.022940644,0.013114881
Ox320601,3,cl,0.223146123,0.00638013
Ox320601,4,bg,0.216417348,0.007044275
Ox320601,5,hl,-0.392908394,0.016145822
Ox320701,1,bg,0.219080734,0.005326883
Ox320701,2,bg,0.113649133,0.006712686
Ox320701,3,cl,0.272918342,0.013174269
Ox320701,4,bg,0.287611219,0.004085814
Ox320701,5,hl,0.197493709,0.006779016
Ox320801,1,bg,-0.02391013,0.00209754
Ox320801,2,bg,0.119535693,0.007941756
Ox320801,3,cl,2.470165175,0.096753372
Ox320801,4,bg,0.054506509,0.021381652
Ox320801,5,hl,0.225370066,0.007737688
Ox320901,1,bg,0.25662175,0.01281003
Ox320901,2,bg,0.062117944,0.002587089
Ox320901,3,cl,0.099198326,0.011339248
Ox320901,4,bg,0.199391842,0.003435785
Ox320901,5,hl,0.971859133,0.009798012
Ox321001,1,bg,-0.021524728,0.018344587
Ox321001,2,bg,1.097981177,0.0082617
Ox321001,3,cl,0.852813586,0.018637434
Ox321001,4,bg,0.343509203,0.010519642
Ox321001,5,hl,0.45703616,0.027216929
Ox321101,1,bg,0.442708182,0.005004481
Ox321101,2,bg,0.163451888,0.012229571
Ox321101,3,cl,0.401512549,0.011476602
Ox321101,4,bg,0.696445916,0.011939882
Ox321101,5,hl,1.700176301,0.006952383
Ox321201,1,bg,0.12828039,0.027667366
Ox321201,2,bg,1.10357995,0.010518627
Ox321201,3,cl,0.010705767,0.026154396
Ox321201,4,bg,0.55643045,0.014089129
Ox321201,5,hl,1.588836132,0.023943905
Ox321301,1,bg,0.654512714,0.007212149
Ox321301,2,bg,0.248012701,0.007030618
Ox321301,3,cl,0.376663772,0.004432837
Ox321301,4,bg,-0.065457769,0.023489967
Ox321301,5,hl,1.157110098,0.023665278
Ox321401,1,bg,0.70607324,0.00811266
Ox321401,2,bg,2.475246929,0.030330456
Ox321401,3,cl,1.344076437,0.019921592
Ox321401,4,bg,0.752347949,0.002493383
Ox321401,5,hl,1.648700415,0.031931288
Ox321501,1,bg,0.928714617,0.018001802
Ox321501,2,bg,0.281696717,0.012360862
Ox321501,3,cl,0.857507139,0.018158574
Ox321501,4,bg,0.015154302,0.017457154
Ox321501,5,hl,2.163712737,0.054606351
Ox321601,1,bg,0.525235731,0.102798637
Ox321601,2,bg,-0.000784649,0.00221073
Ox321601,3,cl,0.745492131,0.011726626
Ox321601,4,bg,0.183958607,0.004980032
Ox321601,5,hl,0.420681893,0.013649714
Ox321701,1,bg,1.305797198,0.018278766
Ox321701,2,bg,1.055263833,0.003803878
Ox321701,3,cl,0.580006088,0.019868226
Ox321701,4,bg,0.406264809,0.01448909
Ox321701,5,hl,0.280088645,0.02203698
Ox321801,1,bg,0.144874523,0.027078914
Ox321801,2,bg,0.00036903,0.006539579
Ox321801,3,cl,3.842561283,0.008933706
Ox321801,4,bg,0.238705316,0.003411635
Ox321801,5,hl,1.326709661,0.017715863
Ox321901,1,bg,0.068043747,0.003126164
Ox321901,2,bg,0.023146835,0.001940646
Ox321901,3,cl,0.256386197,0.002028706
Ox321901,4,bg,0.298705745,0.009252627
Ox321901,5,hl,1.841300433,0.0121214
Ox322001,1,bg,0.481591764,0.004840637
Ox322001,2,bg,0.251161255,0.002410212
Ox322001,3,cl,0.372580137,0.005898678
Ox322001,4,bg,0.409092314,0.005466494
Ox322001,5,hl,0.080025283,0.0092175
Ox322101,1,bg,0.964766355,0.030626465
Ox322101,2,bg,0.679548002,0.031309356
Ox322101,3,cl,0.9041946,0.011107008
Ox322101,4,bg,1.013192821,0.019477913
Ox322101,5,hl,-0.266619569,0.012475279
Ox322201,1,bg,-0.084174457,0.012375085
Ox322201,2,bg,0.938964822,0.007444186
Ox322201,3,cl,0.730523493,0.01019581
Ox322201,4,bg,0.5183811,0.008258876
Ox322201,5,hl,1.576801263,0.068149586
Ox322301,1,bg,0.141535304,0.000236906
Ox322301,2,bg,0.097282665,0.001451323
Ox322301,3,cl,0.275433412,0.005365362
Ox322301,4,bg,0.501178867,0.002891935
Ox322301,5,hl,0.480443554,0.006801489
Ox322401,1,bg,0.25002105,0.002380329
Ox322401,2,bg,-0.033019631,0.011679122
Ox322401,3,hl,1.924158505,0.014938213
Ox322501,1,bg,0.352830977,0.001180045
Ox322501,2,bg,0.089831242,0.000671218
Ox322501,3,cl,0.168773009,0.001157729
Ox322501,4,bg,0.10551383,0.00036788
Ox322501,5,hl,2.645656786,0.0622779
Ox322601,1,bg,0.248025475,0.008746177
Ox322601,2,bg,-0.114256754,0.009799531
Ox322601,3,cl,0.27801306,0.00776045
Ox322601,4,bg,0.309217873,0.007311916
Ox322601,5,hl,0.126985225,0.019163317
Ox322701,1,bg,0.328906523,0.010384197
Ox322701,2,bg,-0.121158469,0.010979411
Ox322701,3,cl,1.411989976,0.004749755
Ox322701,4,bg,0.131603865,0.009634233
Ox322701,5,hl,1.911115967,0.025370285
Ox322801,1,bg,0.340785707,0.005921426
Ox322801,2,bg,0.224072546,0.013474306
Ox322801,3,cl,-0.198008373,0.014830581
Ox322801,4,bg,0.214270364,0.003618529
Ox322801,5,hl,2.263943056,0.016920353
Ox323301,1,bg,0.046717693,0.008559935
Ox323301,2,bg,0.717227477,0.023244078
Ox323301,3,cl,0.169797642,0.024652977
Ox323301,4,bg,0.044744227,0.0035679
Ox323301,5,hl,0.398215764,0.007220927
Ox323401,1,bg,0.338783239,0.003732764
Ox323401,2,bg,0.267351948,0.012079883
Ox323401,3,cl,0.320078544,0.006510101
Ox323401,4,bg,0.087012267,0.008634302
Ox323401,5,hl,0.225662929,0.005388211
Ox323501,1,bg,0.091292946,0.01201351
Ox323501,2,bg,0.233220092,0.004871268
Ox323501,3,cl,0.044606264,0.005020094
Ox323501,4,bg,0.321077549,0.01259244
Ox323501,5,hl,0.037764828,0.008160567
Ox330101,1,bg,0.116436732,0.002143268
Ox330101,2,bg,0.420959776,0.092282069
Ox330101,3,imm,0.403526109,0.018971832
Ox330201,1,bg,0.703322221,0.014041032
Ox330201,2,bg,0.371408585,0.003683147
Ox330201,3,imm,-0.10290884,0.011148692
Ox330301,1,bg,0.293426547,0.004591301
Ox330301,2,bg,0.409207206,0.007054925
Ox330301,3,imm,0.831298964,0.01500675
Ox330401,1,bg,0.091424634,0.003248032
Ox330401,2,imm,0.913519006,0.005561917
Ox330601,1,bg,-0.061406366,0.004440125
Ox330601,2,imm,1.568149807,0.011781207
Ox330802,1,bg,0.296301042,0.002385009
Ox330802,2,bg,0.919107252,0.003341896
Ox330802,3,imm,1.671461543,0.024193516
Ox330901,1,bg,1.159747843,0.027183634
Ox330901,2,bg,0.384394973,0.014422273
Ox330901,3,imm,1.967890524,0.045614786
Ox331001,1,bg,0.104089108,0.00181209
Ox331001,2,bg,0.287261462,0.005173562
Ox331001,3,imm,0.234581217,0.008546444
Ox331101,1,bg,0.057248564,0.002924675
Ox331101,2,imm,-0.20111556,0.026922975
Ox331301,1,bg,0.62855231,0.009667877
Ox331301,2,bg,0.249287094,0.000876715
Ox331301,3,imm,0.868234511,0.005302174
Ox331401,1,bg,0.141332028,0.005916122
Ox331401,2,bg,0.099609312,0.021686053
Ox331401,3,imm,1.618560423,0.01334496
Ox331501,1,bg,0.624381363,0.006947642
Ox331501,2,bg,1.094435741,0.007104321
Ox331501,3,imm,0.823987577,0.008504421
Ox331701,1,bg,0.029737846,0.005710841
Ox331701,2,bg,0.323087232,0.003106662
Ox331701,3,imm,1.16772735,0.015281135
Ox331901,1,bg,0.115595243,0.002907006
Ox331901,2,bg,0.390878843,0.004280217
Ox331901,3,imm,0.638082669,0.005442262
Ox360101,1,bg,0.147720214,0.00209527
Ox360101,2,tf,0.078667595,0.009491937
Ox360101,3,bg,0.136708037,0.003433439
Ox360101,4,cl,0.610923674,0.129539799
Ox360101,5,bg,0.342227565,0.016033275
Ox360101,6,hl,0.98718307,0.006591696
Ox360101,7,bg,0.664523071,0.016782928
Ox360202,1,bg,0.134692098,0.002011606
Ox360202,2,tf,0.348257076,0.002167362
Ox360202,3,bg,0.42159274,0.001971453
Ox360202,4,cl,0.094907623,0.00256888
Ox360202,5,bg,0.19520091,0.003035971
Ox360202,6,hl,0.930395666,0.015901593
Ox360202,7,bg,-0.097062966,0.005248007
Ox360301,1,bg,0.712620809,0.01482419
Ox360301,2,bg,0.298258255,0.004006477
Ox360301,3,tf,0.276368564,0.006651644
Ox360301,4,bg,-0.031908455,0.001603385
Ox360301,5,cl,0.619781018,0.005245832
Ox360301,6,bg,0.069108653,0.003356588
Ox360301,7,hl,0.427239181,0.012369433
Ox360401,1,bg,0.089065969,0.011232115
Ox360401,2,bg,0.47021275,0.020337717
Ox360401,3,tf,0.241256232,0.004090632
Ox360401,4,bg,-0.021135043,0.004430543
Ox360401,5,cl,0.686264727,0.006797919
Ox360401,6,bg,0.293923977,0.005410033
Ox360401,7,hl,0.276489086,0.006083032
Ox360503,1,bg,0.294386989,0.003097093
Ox360503,2,bg,0.801027141,0.005840158
Ox360503,3,tf,0.01082811,0.011147911
Ox360503,4,bg,0.394708255,0.006374488
Ox360503,5,cl,0.77215517,0.0067126
Ox360503,6,bg,0.735642855,0.01402912
Ox360503,7,hl,1.09771086,0.02676818
Ox360601,1,bg,0.565920774,0.004087474
Ox360601,2,cl,-0.070125384,0.012519405
Ox360601,3,bg,0.501396453,0.007301027
Ox360601,4,hl,1.177007874,0.010293162
Ox360601,5,bg,0.708391243,0.032047162
Ox360601,6,bg,-0.186543325,0.00621143
Ox360601,7,tf,0.029395797,0.004016706
Ox360701,1,bg,0.181329093,0.029454415
Ox360701,2,tf,0.235906609,0.051576344
Ox360701,3,bg,-0.063896504,0.021456656
Ox360701,4,bg,0.258398554,0.002655188
Ox360701,5,cl,0.054735873,0.002412292
Ox360701,6,bg,0.090549198,0.006993136
Ox360701,7,hl,1.0206113,0.009113512
Ox360801,1,bg,0.382560286,0.003941816
Ox360801,2,bg,0.080215983,0.001622209
Ox360801,3,tf,0.374548812,0.003267806
Ox360801,4,bg,0.722596082,0.05324187
Ox360801,5,cl,0.392626936,0.009745106
Ox360801,6,bg,1.484502806,0.024410186
Ox360801,7,hl,1.241405833,0.016349199
Ox360904,1,bg,0.03949133,0.001435774
Ox360904,2,bg,0.06642061,0.007000676
Ox360904,3,tf,0.411052634,0.009928229
Ox360904,4,bg,0.180958251,0.000422028
Ox360904,5,cl,0.528094128,0.047889213
Ox360904,6,bg,0.429824187,0.001928592
Ox360904,7,hl,1.716812768,0.016089813
Ox361003,1,bg,0.438693403,0.003077086
Ox361003,2,bg,0.339486552,0.010181198
Ox361003,3,tf,0.450582257,0.011149314
Ox361003,4,bg,0.803448642,0.017469594
Ox361003,5,cl,0.444003585,0.011014622
Ox361003,6,bg,0.225642977,0.019892045
Ox361003,7,hl,1.583942121,0.020470602
Ox361101,1,bg,0.421875062,0.033734929
Ox361101,2,bg,0.497953724,0.026875165
Ox361101,3,tf,0.244191917,0.014181921
Ox361201,1,bg,0.728033484,0.004696395
Ox361201,2,bg,0.581021916,0.012911716
Ox361201,3,tf,0.153637109,0.025082486
Ox361201,4,bg,0.23759407,0.006752259
Ox361201,5,cl,0.267739221,0.006187655
Ox361201,6,bg,0.166131028,0.005876363
Ox361201,7,hl,0.58992566,0.006431957
Ox361303,1,bg,0.386758822,0.004490877
Ox361303,2,bg,-0.273482993,0.01279405
Ox361303,3,tf,0.805358393,0.011552972
Ox361303,4,bg,0.551939165,0.005593432
Ox361303,5,cl,0.012957005,0.003369682
Ox361303,6,bg,0.245483839,0.001315841
Ox361303,7,hl,1.523187765,0.001973386
Ox361502,1,bg,0.885225832,0.01573971
Ox361502,2,bg,0.517849379,0.022264855
Ox361502,3,tf,-0.135069882,0.025751497
Ox361502,4,bg,0.360192805,0.016605443
Ox361502,5,cl,0.165196335,0.009256501
Ox361502,6,bg,0.382331196,0.010291168
Ox361502,7,hl,1.529856767,0.025827677
Ox361601,1,bg,0.296267271,0.014060399
Ox361601,2,bg,0.438128092,0.006298303
Ox361601,3,cl,0.767414466,0.009530898
Ox361601,4,bg,0.461338873,0.006230978
Ox361601,5,hl,0.91088503,0.014225106
Ox361601,6,bg,0.846657264,0.00658653
Ox361601,7,tf,0.085066378,0.000746596
Ox361801,1,bg,0.892058563,0.022121018
Ox361801,2,bg,2.030687146,0.023174772
Ox361801,3,cl,0.217098769,0.004793869
Ox361801,4,bg,0.195052183,0.004814649
Ox361801,5,hl,1.274234929,0.012904326
Ox361801,6,bg,0.251131795,0.005680896
Ox361801,7,tf,0.910046177,0.011066618
Ox361901,1,bg,0.275990773,0.002276016
Ox361901,2,bg,0.14543186,0.002473052
Ox361901,3,cl,-0.135467774,0.002501479
Ox361901,4,bg,0.826999404,0.007211705
Ox361901,5,hl,1.272305584,0.008861063
Ox361901,6,bg,0.30625917,0.014418227
Ox361901,7,tf,0.383925802,0.027598575
Ox362001,1,bg,0.24978045,0.003193156
Ox362001,2,bg,0.439656549,0.003184614
Ox362001,3,cl,1.054016387,0.023117863
Ox362001,4,bg,0.298364577,0.019295238
Ox362001,5,hl,1.627574195,0.013784693
Ox362001,6,bg,0.394697776,0.00754787
Ox362001,7,tf,0.088096695,0.017303597
Ox362101,1,bg,0.068085344,0.000683697
Ox362101,2,bg,0.074458968,0.002890757
Ox362101,3,tf,-0.002185878,0.001285294
Ox362101,4,bg,0.278732804,0.007090764
Ox362101,5,cl,0.111959047,0.007310222
Ox362101,6,bg,-0.002544482,0.062606237
Ox362101,7,hl,1.924420959,0.016153796
Ox362201,1,bg,0.715096854,0.004878344
Ox362201,2,bg,0.281196909,0.007934061
Ox362201,3,cl,0.735520658,0.016753687
Ox362201,4,bg,0.262051332,0.00720787
Ox362201,5,hl,0.74284851,0.007200085
Ox362201,6,bg,0.578631833,0.014893029
Ox362201,7,tf,0.961140028,0.015350162
Ox362303,1,bg,0.308750833,0.004658021
Ox362303,2,bg,0.136330166,0.002708432
Ox362303,3,tf,0.164064892,0.006019834
Ox362303,4,bg,0.094429786,0.005275935
Ox362303,5,cl,0.060699649,0.005277472
Ox362303,6,bg,0.273134879,0.008354917
Ox362303,7,hl,0.209213726,0.001738885
Ox362501,1,bg,0.793983821,0.010000739
Ox362501,2,bg,0.284764637,0.009576117
Ox362501,3,tf,0.155666823,0.015124755
Ox362601,1,bg,0.201633114,0.006289134
Ox362601,2,bg,0.497396621,0.016562707
Ox362601,3,tf,0.254944659,0.015253164
Ox362701,1,bg,0.417578182,0.013349336
Ox362701,2,bg,0.405874159,0.026017433
Ox362701,3,tf,0.395840611,0.013901845
Ox362801,1,bg,0.297340362,0.006677107
Ox362801,2,tf,0.664942732,0.007160666
Ox362801,3,bg,0.454670153,0.011989328
Ox363201,1,bg,0.446107253,0.011932923
Ox363201,2,bg,0.258134339,0.011957493
Ox363201,3,tf,0.029804781,0.014176186
Ox363301,1,bg,0.504638795,0.016295866
Ox363301,2,bg,0.007824492,0.003521802
Ox363301,3,tf,-0.222440402,0.011085083
Ox363401,1,bg,1.08531446,0.016921873
Ox363401,2,bg,0.486390103,0.004553828
Ox363401,3,tf,0.109226446,0.000651448
Ox363501,1,bg,0.240881457,0.014305311
Ox363501,2,bg,1.511815092,0.005816101
Ox363501,3,tf,-0.047157596,0.001065932
Ox363601,1,bg,0.568414893,0.006600794
Ox363601,2,tf,0.776868457,0.022954101
Ox363701,1,bg,0.293865586,0.004024475
Ox363701,2,tf,0.541075723,0.006494558
Ox363801,1,bg,0.122309963,0.001618967
Ox363801,2,tf,0.198460269,0.007451444
Ox363801,3,bg,0.209851301,0.012135791
Ox363901,1,bg,0.510182914,0.008209947
Ox363901,2,tf,0.561645913,0.022160216
Ox363901,3,bg,0.610208075,0.019769732
Ox363901,4,cl,0.789589213,0.026474283
Ox363901,5,bg,0.418096508,0.030205646
Ox363901,6,hl,2.324112283,0.021241967
Ox364201,1,bg,0.551714838,0.013858664
Ox364201,2,bg,0.260258562,0.002384444
Ox364201,3,tf,0.133516062,0.001003455
Ox364201,4,bg,0.502870185,0.016818707
Ox364201,5,cl,0.438395307,0.01098444
Ox364201,6,bg,0.318047115,0.016623422
Ox364201,7,hl,1.530285477,0.009625388
Ox370101,1,bg,0.69813455,0.007657464
Ox370101,2,bg,1.576938959,0.017348939
Ox370101,3,lp,0.367246311,0.023360734
Ox370201,1,bg,0.052573189,0.005521866
Ox370201,2,bg,-0.223480381,0.017614018
Ox370201,3,lp,-0.053388565,0.017383652
Ox380102,1,bg,0.090452105,0.000971887
Ox380102,2,imm,0.707374553,0.009290015
Ox380201,1,bg,0.052583502,0.004018456
Ox380201,2,imm,0.466694496,0.012753181
Ox380301,1,bg,0.8523396,0.013756097
Ox380301,2,bg,0.293814434,0.009735514
Ox380301,3,imm,1.058591216,0.027911938
Ox380501,1,bg,0.678216173,0.014315805
Ox380501,2,bg,0.323786641,0.009162881
Ox380501,3,imm,0.565728343,0.009231853
Ox380601,1,bg,0.185310035,0.002286557
Ox380601,2,bg,0.478173479,0.005221573
Ox380601,3,imm,0.877133798,0.00566641
Ox380801,1,bg,0.183598981,0.002824123
Ox380801,2,bg,0.225568322,0.004288832
Ox380801,3,imm,0.064846006,0.002878197
Ox380901,1,bg,0.021864701,0.016539849
Ox380901,2,bg,0.320515382,0.005615406
Ox380901,3,imm,0.279946816,0.006944554
Ox381001,1,bg,0.542476341,0.023456845
Ox381001,2,imm,0.831830631,0.015288778
Ox381101,1,bg,0.391354863,0.007462285
Ox381101,2,bg,0.649819623,0.008821433
Ox381101,3,imm,0.091355289,0.007918736
Ox381201,1,bg,-0.023082962,0.008291933
Ox381201,2,imm,0.467449783,0.006871146
Ox381401,1,bg,0.361651796,0.011999054
Ox381401,2,imm,0.904561855,0.123700712
Ox381501,1,bg,0.909496485,0.00943608
Ox381501,2,imm,0.597869715,0.012144569
Ox381601,1,bg,0.109925147,0.00510545
Ox381601,2,imm,0.159198511,0.003383805
Ox381701,1,bg,0.3399442,0.009448316
Ox381701,2,imm,0.514973446,0.011718461
Ox381801,1,bg,0.058236568,0.014042725
Ox381801,2,imm,0.462278117,0.010120975
Ox400201,1,bg,0.314728264,0.002464111
Ox400201,2,bg,0.411261498,0.002340237
Ox400201,3,cl,-0.034173767,0.002508506
Ox400201,4,bg,0.314098411,0.004284373
Ox400201,5,hl,1.302506864,0.010886554
Ox400301,1,bg,0.469750252,0.032941344
Ox400301,2,bg,0.470379696,0.005123228
Ox400301,3,cl,0.25566181,0.002500546
Ox400301,4,bg,0.108362925,0.010573675
Ox400301,5,hl,0.78827211,0.010121788
Ox400401,1,bg,0.219141358,0.00266609
Ox400401,2,bg,0.546806784,0.020206942
Ox400401,3,cl,0.427871672,0.008875301
Ox400401,4,bg,0.012351839,0.007096585
Ox400401,5,hl,1.170353981,0.007403615
Ox400501,1,bg,-0.125510222,0.006804191
Ox400501,2,bg,-0.200596716,0.012423642
Ox400501,3,cl,0.330604898,0.014442019
Ox400501,4,bg,0.331177007,0.014838542
Ox400501,5,hl,0.403796596,0.012033676
Ox400601,1,bg,0.569669888,0.017218764
Ox400601,2,bg,0.24922096,0.005211299
Ox400601,3,cl,0.064521544,0.008455298
Ox400601,4,bg,0.855048798,0.003912338
Ox400601,5,hl,1.392265312,0.036534017
Ox400701,1,bg,0.404350577,0.01712591
Ox400701,2,bg,0.955869476,0.027648518
Ox400701,3,cl,0.818887662,0.018073126
Ox400701,4,bg,0.678996078,0.008497683
Ox400701,5,hl,0.325227489,0.005597727
Ox400801,1,bg,0.57341137,0.019929793
Ox400801,2,bg,0.368247559,0.010443224
Ox400801,3,cl,0.751268027,0.011287597
Ox400801,4,bg,0.444661708,0.013474587
Ox400801,5,hl,0.873796187,0.018435785
Ox400901,1,bg,0.43715099,0.017062718
Ox400901,2,bg,0.285444996,0.008263513
Ox400901,3,cl,-0.347876142,0.02118951
Ox400901,4,bg,1.53887747,0.015365515
Ox400901,5,hl,0.296601711,0.031959224
Ox401001,1,bg,-0.115600713,0.012364025
Ox401001,2,bg,1.105898623,0.012469939
Ox401001,3,cl,0.341040403,0.01143535
Ox401001,4,bg,0.484115001,0.0055694
Ox401001,5,hl,0.749023928,0.016837347
Ox401101,1,bg,0.104286991,0.003410368
Ox401101,2,bg,0.696481573,0.014598237
Ox401101,3,cl,0.902849105,0.001708832
Ox401101,4,bg,0.63461582,0.055036651
Ox401101,5,hl,0.560436573,0.003323732
Ox401201,1,bg,0.296304844,0.011647492
Ox401201,2,bg,-0.013085515,0.006075201
Ox401201,3,cl,0.380549693,0.005859878
Ox401201,4,bg,0.138941866,0.016938951
Ox401201,5,hl,0.452568283,0.005808353
Ox401301,1,bg,0.115118302,0.006951048
Ox401301,2,bg,0.241515714,0.004488102
Ox401301,3,cl,0.366493772,0.006195659
Ox401301,4,bg,0.530951347,0.009990945
Ox401301,5,hl,-0.015818073,0.00853753
Ox401401,1,bg,0.144003954,0.004200648
Ox401401,2,bg,0.547662512,0.021923547
Ox401401,3,cl,0.569410023,0.020031894
Ox401401,4,bg,0.51680107,0.01085872
Ox401401,5,hl,1.062663977,0.027417764
Ox401501,1,bg,-0.048679808,0.004911883
Ox401501,2,bg,0.480837828,0.006174033
Ox401501,3,cl,0.422773422,0.004576683
Ox401501,4,bg,0.577310509,0.00964471
Ox401501,5,hl,0.236167226,0.035150139
Ox401601,1,bg,0.611888695,0.01154356
Ox401601,2,bg,0.686636005,0.0085234
Ox401601,3,cl,0.382295759,0.013570064
Ox401601,4,bg,0.899696511,0.012368142
Ox401601,5,hl,0.328130891,0.010811419
Ox401801,1,bg,0.409255991,0.008384526
Ox401801,2,bg,0.30807404,0.008253466
Ox401801,3,cl,1.710830294,0.010721645
Ox401801,4,bg,0.116803489,0.008795564
Ox401801,5,hl,1.116340868,0.018303457
Ox401901,1,bg,0.111067561,0.00431696
Ox401901,2,bg,0.091528746,0.012301638
Ox401901,3,cl,-0.078280946,0.028379861
Ox401901,4,bg,0.127117776,0.006419512
Ox401901,5,hl,0.321213166,0.010722058
Ox402001,1,bg,0.309395462,0.022144643
Ox402001,2,bg,0.879111641,0.008973679
Ox402001,3,cl,0.832624647,0.021789313
Ox402001,4,bg,0.308826204,0.012413893
Ox402001,5,hl,-0.056779932,0.029707872
Ox402101,1,bg,0.386415114,0.006787937
Ox402101,2,bg,0.420178066,0.007764757
Ox402101,3,cl,0.5840086,0.00929599
Ox402101,4,bg,1.017177983,0.00700575
Ox402101,5,hl,0.808390624,0.00626409
Ox402201,1,bg,0.132644079,0.004716336
Ox402201,2,bg,0.013722135,0.002296533
Ox402201,3,cl,1.024226299,0.032813674
Ox402201,4,bg,0.058665776,0.000288886
Ox402201,5,hl,2.80949385,0.020621606
Ox402401,1,bg,0.237214129,0.00195031
Ox402401,2,bg,0.208744492,0.02110211
Ox402401,3,cl,0.457620196,0.006161807
Ox402401,4,bg,0.34560798,0.004890793
Ox402401,5,hl,1.185683714,0.014701918
Ox402501,1,bg,1.851073687,0.014292156
Ox402501,2,bg,0.690221827,0.0105107
Ox402501,3,cl,-0.069797008,0.039112582
Ox402501,4,bg,0.221793278,0.007083497
Ox402501,5,hl,0.918780557,0.051326389
Ox402601,1,bg,0.516987285,0.015468822
Ox402601,2,bg,0.430916086,0.004686814
Ox402601,3,cl,0.059221715,0.005814135
Ox402601,4,bg,0.377452806,0.024123324
Ox402601,5,hl,1.199754253,0.009384989
Ox402701,1,bg,0.26188977,0.022931973
Ox402701,2,bg,0.152669989,0.016207219
Ox402701,3,cl,0.388004281,0.005110657
Ox402701,4,bg,0.713088092,0.003340921
Ox402701,5,hl,2.030945057,0.032534388
Ox402801,1,bg,0.4359154,0.005194683
Ox402801,2,bg,0.461560768,0.037520908
Ox402801,3,cl,1.574135811,0.019445315
Ox402801,4,bg,0.607954702,0.012640529
Ox402801,5,hl,2.444036073,0.021069382
Ox402901,1,bg,0.082694849,0.001504676
Ox402901,2,bg,0.140447315,0.002770176
Ox402901,3,cl,2.125057241,0.011564929
Ox402901,4,bg,0.215586061,0.004238051
Ox402901,5,hl,0.408340224,0.003248528
Ox403001,1,bg,0.641053347,0.00501984
Ox403001,2,bg,0.860806256,0.013204137
Ox403001,3,cl,0.532552696,0.008142713
Ox403001,4,bg,1.888786868,0.029396449
Ox403001,5,hl,0.21658124,0.011179203
Ox403101,1,bg,0.641923493,0.018598982
Ox403101,2,bg,0.290939284,0.055052692
Ox403101,3,cl,0.453717841,0.015980797
Ox403101,4,bg,0.981480346,0.014333821
Ox403101,5,hl,0.576728319,0.033056552
Ox403201,1,bg,0.300492526,0.018034884
Ox403201,2,bg,0.875535911,0.009603731
Ox403201,3,cl,0.86900767,0.006396607
Ox403201,4,bg,0.220659877,0.009474929
Ox403201,5,hl,0.499912497,0.023289138
Ox403301,1,bg,0.338390065,0.006701799
Ox403301,2,bg,0.317282337,0.003428624
Ox403301,3,cl,0.272930323,0.004095
Ox403301,4,bg,0.459601337,0.02364899
Ox403301,5,hl,1.677621364,0.045188582
Ox403501,1,bg,0.880732856,0.005815768
Ox403501,2,bg,0.119827649,0.006173186
Ox403501,3,cl,0.142873498,0.013544751
Ox403501,4,bg,1.202921598,0.008400764
Ox403501,5,hl,0.785372114,0.008810186
Ox403701,1,bg,0.456244093,0.004915948
Ox403701,2,bg,0.581254305,0.004675069
Ox403701,3,cl,0.299757434,0.003242929
Ox403701,4,bg,0.370600633,0.004664873
Ox403701,5,hl,1.227675126,0.009221592
Ox403801,1,bg,0.473251993,0.020917569
Ox403801,2,bg,1.095734913,0.0134815
Ox403801,3,cl,0.282453173,0.009024551
Ox403801,4,bg,0.926597913,0.013885889
Ox403801,5,hl,2.150753351,0.020466591
Ox403901,1,bg,0.636149163,0.00788746
Ox403901,2,bg,0.296425613,0.01439596
Ox403901,3,cl,0.224505244,0.010615044
Ox403901,4,bg,0.404663585,0.007071526
Ox403901,5,hl,1.087877721,0.025533336
Ox404101,1,bg,1.034694851,0.009435288
Ox404101,2,bg,0.407965829,0.004147098
Ox404101,3,cl,1.265511133,0.009239265
Ox404101,4,bg,0.103888371,0.006844326
Ox404101,5,hl,2.823076658,0.026632387
Ox404201,1,bg,0.400202447,0.010733974
Ox404201,2,bg,0.045138845,0.008498091
Ox404201,3,cl,0.289666329,0.003319543
Ox404201,4,bg,0.347534982,0.007977462
Ox404201,5,hl,0.571534443,0.021551725
Ox404301,1,bg,-0.216092249,0.010111548
Ox404301,2,bg,0.307646463,0.010083486
Ox404301,3,cl,0.232181145,0.009398952
Ox404301,4,bg,-0.025758617,0.009598269
Ox404301,5,hl,0.460519226,0.010982216
Ox404401,1,bg,1.208658154,0.022098819
Ox404401,2,bg,0.732376911,0.017618771
Ox404401,3,cl,0.1933195,0.011130457
Ox404401,4,bg,0.103686366,0.012822301
Ox404401,5,hl,0.701441015,0.034495048
Ox404501,1,bg,0.868689207,0.010150001
Ox404501,2,bg,1.729221541,0.065398799
Ox404501,3,cl,0.232216893,0.01589237
Ox404501,4,bg,0.536640516,0.010887249
Ox404501,5,hl,1.557486719,0.019997285
Ox404601,1,bg,1.329576802,0.069236074
Ox404601,2,bg,0.754431402,0.007231857
Ox404601,3,cl,0.160473283,0.006344541
Ox404601,4,bg,0.695502503,0.010968632
Ox404601,5,hl,1.854883204,0.017265032
Ox440101,1,bg,0.191023988,0.00869632
Ox440101,2,cl,0.205664324,0.018201681
Ox440101,3,bg,0.657439998,0.006284836
Ox440101,4,hl,0.786664763,0.01928372
Ox440201,1,bg,2.479830184,0.05736948
Ox440201,2,bg,-0.29967377,0.013993963
Ox440201,3,cl,0.717530326,0.010830848
Ox440201,4,bg,0.0496671,0.009205519
Ox440201,5,hl,-0.305566019,0.009944079
Ox440301,1,bg,0.777916218,0.005896386
Ox440301,2,bg,0.263109208,0.00460354
Ox440301,3,cl,1.302330229,0.026018326
Ox440301,4,bg,0.884928112,0.006390153
Ox440301,5,hl,1.600445567,0.013609032
Ox440501,1,bg,-0.030469451,0.008522282
Ox440501,2,bg,0.406983857,0.004290757
Ox440501,3,cl,0.116316432,0.00946464
Ox440501,4,bg,1.015339834,0.016684127
Ox440501,5,hl,0.689287839,0.009915529
Ox440601,1,bg,0.805940642,0.00679563
Ox440601,2,bg,0.328309413,0.022899657
Ox440601,3,cl,0.237133403,0.012031315
Ox440601,4,bg,0.186693428,0.007933442
Ox440601,5,hl,0.054663347,0.008777616
Ox440701,1,bg,-0.018375,0.006568134
Ox440701,2,bg,0.015095659,0.010106405
Ox440701,3,cl,0.524846155,0.005174579
Ox440701,4,bg,0.98802408,0.017901437
Ox440701,5,hl,1.043970239,0.009720026
Ox441001,1,bg,0.793915318,0.015803252
Ox441001,2,bg,0.111877364,0.014276894
Ox441001,3,cl,0.262908202,0.005613664
Ox441001,4,bg,0.373823567,0.027465514
Ox441001,5,hl,1.136474538,0.009923905
Ox441201,1,bg,0.042266789,0.005307373
Ox441201,2,bg,0.694636797,0.003401464
Ox441201,3,cl,0.791805998,0.016503917
Ox441201,4,bg,0.38866218,0.00827032
Ox441201,5,hl,0.930365666,0.013367667
Ox441301,1,bg,0.935819533,0.018163296
Ox441301,2,bg,0.078906055,0.00465479
Ox441301,3,cl,0.619948893,0.023508382
Ox441301,4,bg,1.591077464,0.03393927
Ox441301,5,hl,1.099375614,0.057983439
Ox441401,1,bg,1.204467209,0.011278242
Ox441401,2,bg,0.233110924,0.008403358
Ox441401,3,cl,0.368515215,0.013101905
Ox441401,4,bg,0.915024288,0.007171731
Ox441401,5,hl,0.39048636,0.018561732
Ox441501,1,bg,0.20665932,0.014076316
Ox441501,2,bg,0.183872902,0.002934117
Ox441501,3,cl,1.14917118,0.005881183
Ox441501,4,bg,0.597338849,0.009902387
Ox441501,5,hl,0.903737728,0.029448893
Ox441601,1,bg,-0.018823479,0.002697341
Ox441601,2,bg,0.282010502,0.004348803
Ox441601,3,cl,0.416611795,0.00615696
Ox441601,4,bg,0.626462122,0.024616003
Ox441601,5,hl,0.55123749,0.003329645
Ox441901,1,bg,0.607245031,0.003629745
Ox441901,2,bg,0.174978881,0.004693514
Ox441901,3,cl,0.035219765,0.005546786
Ox441901,4,bg,0.165175104,0.005811774
Ox441901,5,hl,-0.033600232,0.017070038
Ox442001,1,bg,0.41018439,0.037847881
Ox442001,2,bg,-0.085146067,0.007357885
Ox442001,3,cl,0.272183341,0.005496341
Ox442001,4,bg,0.016744826,0.003537709
Ox442001,5,hl,0.377287659,0.002614464
Ox442101,1,bg,0.233953491,0.002057329
Ox442101,2,bg,0.172741439,0.003537768
Ox442101,3,hl,0.245698928,0.025064074
Ox442201,1,bg,0.761046903,0.00925178
Ox442201,2,bg,1.281545274,0.021202199
Ox442201,3,cl,-0.124391875,0.011898287
Ox442201,4,bg,0.222014539,0.01137853
Ox442201,5,hl,1.809421136,0.021124609
Ox442301,1,bg,0.515058187,0.003359919
Ox442301,2,bg,0.95489204,0.047534241
Ox442301,3,cl,0.515649478,0.002941222
Ox442301,4,bg,1.42938749,0.013743537
Ox442301,5,hl,0.652589305,0.023246973
Ox442401,1,bg,0.47161516,0.006676822
Ox442401,2,bg,0.468178039,0.014502556
Ox442401,3,cl,1.088261785,0.007986556
Ox442401,4,bg,0.586407971,0.002687866
Ox442401,5,hl,-0.187718525,0.115824791
Ox442501,1,bg,0.177750509,0.000814664
Ox442501,2,bg,0.142826613,0.003420095
Ox442501,3,cl,0.115257483,0.002687197
Ox442501,4,bg,0.020561255,0.010267587
Ox442501,5,hl,0.465829091,0.004152038
Ox442601,1,bg,0.178568702,0.005160435
Ox442601,2,cl,0.009098545,0.006600109
Ox442601,3,bg,0.134787086,0.005293142
Ox442601,4,hl,0.390244045,0.018135191
Ox460102,1,bg,0.42274466,0.012860921
Ox460102,2,bg,1.247557285,0.01607661
Ox460102,3,tf,0.34144374,0.015667465
Ox460205,1,bg,0.539459188,0.018337767
Ox460205,2,bg,1.220396052,0.006744721
Ox460205,3,tf,1.171267891,0.041082772
Ox460205,4,bg,0.121343055,0.000736461
Ox460205,5,cl,0.646407347,0.01413523
Ox460205,6,bg,0.469775237,0.008833523
Ox460205,7,hl,0.572865178,0.040970399
Ox460305,1,bg,0.569654982,0.012490211
Ox460305,2,bg,1.005769373,0.006097361
Ox460305,3,tf,1.072548348,0.014627607
Ox460305,4,bg,0.282501303,0.005384998
Ox460305,5,cl,0.313975173,0.066549205
Ox460305,6,bg,0.061331092,0.021436704
Ox460305,7,hl,1.198053018,0.01901153
Ox460503,1,bg,0.506360322,0.004818678
Ox460503,2,bg,0.257201497,0.004997735
Ox460503,3,tf,0.572301553,0.005994361
Ox460503,4,bg,0.450118309,0.004081821
Ox460503,5,cl,0.269903422,0.007277716
Ox460503,6,bg,0.094891205,0.005021841
Ox460503,7,hl,0.270448854,0.013475675
Ox460604,1,bg,0.402493002,0.002204342
Ox460604,2,bg,0.407043479,0.003734211
Ox460604,3,tf,1.177202758,0.008911553
Ox460604,4,bg,0.172795887,0.024249981
Ox460604,5,cl,0.155521392,0.015080441
Ox460604,6,bg,0.888594521,0.002611216
Ox460604,7,hl,1.807322194,0.032516886
Ox461004,1,bg,0.089865677,0.001404765
Ox461004,2,bg,0.229108585,0.00619515
Ox461004,3,tf,0.238052061,0.001169615
Ox461402,1,bg,0.612490613,0.004590969
Ox461402,2,bg,0.544471125,0.01080664
Ox461402,3,cl,0.59813359,0.00917241
Ox461402,4,bg,0.400206283,0.010728876
Ox461402,5,hl,1.616445457,0.016332043
Ox461402,6,bg,0.454630113,0.018189047
Ox461402,7,tf,0.219749994,0.007632139
Ox461506,1,bg,0.865926843,0.009379568
Ox461506,2,bg,0.142189577,0.001263413
Ox461506,3,tf,0.092930005,0.003673536
Ox461506,4,bg,0.176789104,0.002641261
Ox461506,5,cl,0.245669188,0.003270927
Ox461506,6,bg,0.203969069,0.001259184
Ox461506,7,hl,1.670301582,0.039724459
Ox461703,1,bg,0.027310468,0.006965402
Ox461703,2,bg,0.067328296,0.003397026
Ox461703,3,tf,0.263578074,0.020213687
Ox461804,1,bg,0.439127817,0.002232559
Ox461804,2,bg,0.626303418,0.004588484
Ox461804,3,tf,0.320613871,0.002760964
Ox462103,1,bg,0.01618742,0.001129163
Ox462103,2,bg,0.315354946,0.003987507
Ox462103,3,tf,0.100950077,0.000682875
Ox462203,1,bg,0.160795857,0.000981114
Ox462203,2,bg,0.451247892,0.01792606
Ox462203,3,tf,0.485885794,0.008219387
Ox462302,1,bg,0.006919693,0.010743572
Ox462302,2,bg,-0.106552129,0.055748088
Ox462302,3,tf,-0.003906151,0.004028247
Ox462402,1,bg,1.058149097,0.00796257
Ox462402,2,bg,0.189045742,0.012381807
Ox462402,3,tf,0.426610577,0.002771449
Ox462702,1,bg,0.047569487,0.010426184
Ox462702,2,bg,0.363611819,0.004875219
Ox462702,3,tf,0.515030518,0.028487287
Ox462801,1,bg,0.122239836,0.004524644
Ox462801,2,bg,0.269654169,0.004947442
Ox462801,3,tf,0.180457493,0.004587261
Ox462901,1,bg,0.068377888,0.005411464
Ox462901,2,bg,0.368554497,0.004124972
Ox462901,3,tf,0.091437716,0.009600594
Ox463003,1,bg,0.434458407,0.001134198
Ox463003,2,bg,-0.200508079,0.005698388
Ox463003,3,tf,0.202345933,0.003656461
Ox463202,1,bg,-0.180922061,0.00101731
Ox463202,2,bg,0.066747645,0.000395671
Ox463202,3,tf,0.096983471,0.004496851
Ox463302,1,bg,0.280224448,0.000532667
Ox463302,2,bg,0.306122953,0.004782168
Ox463302,3,tf,0.024986645,0.002465875
Ox463403,1,bg,0.201383002,0.001357381
Ox463403,2,bg,0.038378776,0.004260916
Ox463403,3,tf,1.390740508,0.03309662
Ox463604,1,bg,0.247529912,0.00068931
Ox463604,2,bg,-0.075020812,0.0012782
Ox463604,3,tf,0.249918453,0.001722478
Ox463704,1,bg,0.12406193,0.000781968
Ox463704,2,bg,0.004271004,0.012342228
Ox463704,3,tf,0.352831925,0.001765935
Ox490101,1,bg,0.742022132,0.032462681
Ox490101,2,bg,0.51969212,0.002760194
Ox490101,3,cl,0.025352125,0.002563054
Ox490101,4,bg,0.238072704,0.000840707
Ox490101,5,hl,1.286270933,0.006877422
Ox490201,1,bg,0.178138194,0.00239022
Ox490201,2,bg,0.373772092,0.017675425
Ox490201,3,hl,0.556361829,0.015216946
Ox490301,1,bg,-0.068735302,0.002995363
Ox490301,2,bg,0.376933842,0.020762261
Ox490301,3,cl,0.452520138,0.011576883
Ox490301,4,bg,-0.053699283,0.002781604
Ox490301,5,hl,1.653453566,0.012817174
Ox490401,1,bg,0.360510272,0.005259318
Ox490401,2,bg,0.024723663,0.003835958
Ox490401,3,cl,0.281515343,0.025036369
Ox490401,4,bg,0.276263868,0.004995674
Ox490401,5,hl,0.245346995,0.015686004
Ox490501,1,bg,0.43377708,0.001923321
Ox490501,2,bg,0.106888844,0.001772536
Ox490501,3,cl,-0.167367462,0.014748621
Ox490501,4,bg,0.429283698,0.004620091
Ox490501,5,hl,1.534096397,0.026062472
Ox510401,1,bg,0.525393256,0.019644308
Ox510401,2,bg,0.368505542,0.011795353
Ox510401,3,cl,0.981272023,0.025781172
Ox510401,4,bg,0.572917886,0.02261269
Ox510401,5,hl,1.89739126,0.008733306
Ox530101,1,bg,0.105746782,0.001211227
Ox530101,2,bg,0.182121366,0.014280085
Ox530101,3,cl,0.363715718,0.011945724
Ox530101,4,bg,0.155127397,0.000920583
Ox530101,5,hl,0.677448259,0.003952199
Ox530201,1,bg,-0.091071797,0.006308728
Ox530201,2,bg,-0.009563448,0.024220989
Ox530201,3,cl,0.361513968,0.010913271
Ox530201,4,bg,0.250507014,0.007660319
Ox530201,5,hl,0.73146626,0.006867919
Ox5400101,1,bg,0.321496886,0.005221043
Ox5400101,2,bg,0.041562309,0.003682135
Ox5400101,3,tf,0.196222867,0.002958889
Ox5400201,1,bg,1.375677631,0.043356089
Ox5400201,2,bg,0.02972228,0.002019217
Ox5400201,3,tf,0.086418903,0.02306423
Ox5400902,1,bg,0.158356305,0.007537994
Ox5400902,2,bg,0.218882187,0.001391974
Ox5400902,3,tf,0.464139851,0.004913609
Ox5401001,1,bg,0.039829135,0.000349762
Ox5401001,2,bg,-0.057235844,0.008647025
Ox5401001,3,tf,0.15664545,0.002407231
Ox5401101,1,bg,0.113297067,0.001343929
Ox5401101,2,bg,0.595468028,0.015027741
Ox5401101,3,tf,0.245167668,0.010365488
Ox5401201,1,bg,0.270572871,0.005420397
Ox5401201,2,bg,0.624667607,0.02485166
Ox5401201,3,tf,0.411744047,0.013592721
Ox5401501,1,bg,0.260235688,0.021905021
Ox5401501,2,bg,0.627380903,0.010256723
Ox5401501,3,tf,0.507086931,0.012040257
Ox5401601,1,bg,1.498789177,1.068215913
Ox5401601,2,bg,0.110657059,0.015870134
Ox5401601,3,tf,0.049429801,0.000908242
Ox5401601,4,bg,0.294525836,0.003449723
Ox5401601,5,cl,0.095153458,0.019289
Ox5401601,6,bg,0.489862157,0.005478893
Ox5401601,7,hl,1.665253891,0.035514868
Ox6000101,1,bg,0.44986127,0.008007372
Ox6000101,2,bg,0.321490129,0.00290974
Ox6000101,3,cl,0.630720367,0.012074981
Ox6000201,1,bg,0.185903455,0.008868945
Ox6000201,2,bg,0.544008067,0.004792345
Ox6000201,3,cl,-0.144662425,0.005879687
Ox6000301,1,bg,0.083364254,0.008383936
Ox6000301,2,bg,0.528063145,0.041474621
Ox6000301,3,cl,0.248205683,0.011797284
Ox6000401,1,bg,0.236269435,0.00232027
Ox6000401,2,bg,0.410219581,0.012008748
Ox6000401,3,cl,0.562608378,0.025959018
Ox6000501,1,bg,0.408480772,0.007989613
Ox6000501,2,bg,0.998634266,0.135139372
Ox6000501,3,cl,0.035824666,0.019304165
Ox6000601,1,bg,0.389743608,0.008133331
Ox6000601,2,bg,0.26939397,0.005774762
Ox6000601,3,cl,-0.052969077,0.001945364
Ox6000701,1,bg,-0.035066854,0.015210722
Ox6000701,2,bg,0.800367366,0.021214697
Ox6000701,3,cl,0.550846247,0.018294142
Ox6000801,1,bg,0.429132081,0.020634001
Ox6000801,2,bg,0.240111807,0.005808205
Ox6000801,3,cl,0.914772173,0.012712296
Ox6000901,1,bg,0.541058052,0.020767517
Ox6000901,2,bg,-0.077616904,0.01017193
Ox6000901,3,cl,-0.026493702,0.046567548
Ox6001001,1,bg,0.333929226,0.013533974
Ox6001001,2,bg,0.534144543,0.017768258
Ox6001001,3,cl,1.706186329,0.018213558
Ox6001101,1,bg,0.256318489,0.010713569
Ox6001101,2,bg,0.452432539,0.031297998
Ox6001101,3,cl,0.214835394,0.067111871
Ox6001301,1,bg,0.895927467,0.028311263
Ox6001301,2,bg,0.853645991,0.053985403
Ox6001301,3,cl,0.594746574,0.070118482
Ox6001601,1,bg,0.223987889,0.003892678
Ox6001601,2,bg,0.849943585,0.010200578
Ox6001601,3,cl,0.407298965,0.014979077
Ox6001901,1,bg,0.31613271,0.009467775
Ox6001901,2,bg,0.326917174,0.010156208
Ox6001901,3,cl,0.27902323,0.007677935
Ox6002101,1,bg,0.036416055,0.003505158
Ox6002101,2,bg,0.345327335,0.006513609
Ox6002101,3,cl,3.041019974,0.116530444
Ox6002301,1,bg,0.703917645,0.005376315
Ox6002301,2,bg,0.50068178,0.006725064
Ox6002301,3,cl,0.115497714,0.006778339
Ox6002501,1,bg,0.566557223,0.008761634
Ox6002501,2,bg,0.303601474,0.004085862
Ox6002501,3,cl,0.430879902,0.00503177
Ox6002601,1,bg,-0.041909002,0.014125326
Ox6002601,2,bg,0.557122314,0.009987173
Ox6002601,3,cl,0.406138516,0.005370402
Ox6002901,1,bg,1.012250644,0.031417484
Ox6002901,2,bg,0.571747215,0.018408688
Ox6002901,3,cl,-0.135450607,0.044210868
Ox6003401,1,bg,0.256434694,0.002841872
Ox6003401,2,bg,0.199054225,0.018678074
Ox6003401,3,cl,0.235553032,0.005380904
Ox6003501,1,bg,0.177969314,0.009115635
Ox6003501,2,bg,0.769921583,0.011143366
Ox6003501,3,cl,0.886114656,0.036349019
Ox6003601,1,bg,0.145197296,0.013729339
Ox6003601,2,bg,0.52704314,0.016106991
Ox6003601,3,cl,0.309140132,0.01838185
Ox6003701,1,bg,0.647229756,0.013211518
Ox6003701,2,bg,0.114762138,0.003155787
Ox6003701,3,cl,-0.010587094,0.011069296
Ox6003901,1,bg,0.368047682,0.002631815
Ox6003901,2,bg,0.834180708,0.029387888
Ox6003901,3,cl,0.8690055,0.008815637
Ox6004001,1,bg,0.438428276,0.005571655
Ox6004001,2,bg,0.789845612,0.014696568
Ox6004001,3,cl,0.402046401,0.009164948
Ox6004201,1,bg,1.721654286,0.022623029
Ox6004201,2,bg,0.181366447,0.008716176
Ox6004201,3,cl,1.328689614,0.04507269
Ox6004301,1,bg,0.847498001,0.01210454
Ox6004301,2,bg,0.168748686,0.003975586
Ox6004301,3,cl,1.082463516,0.12271457
Ox6004301,4,bg,0.675035088,0.005214853
Ox6004301,5,hl,1.894461808,0.157052801
Ox6004401,1,bg,0.010892889,0.006989368
Ox6004401,2,bg,0.412333251,0.009010415
Ox6004401,3,cl,0.282420549,0.052753978
Ox6004401,4,bg,0.318252346,0.036714155
Ox6004401,5,hl,0.387026965,0.009952306
Ox6004501,1,bg,0.078818363,0.001857529
Ox6004501,2,bg,0.363274965,0.022265127
Ox6004501,3,cl,0.549744858,0.00911782
Ox6004501,4,bg,0.354287601,0.01022698
Ox6004501,5,hl,0.520769049,0.027003855
Ox6004601,1,bg,0.355583533,0.034129556
Ox6004601,2,bg,0.97851958,0.011580159
Ox6004601,3,cl,0.575312674,0.0360828
Ox6004601,4,bg,0.167066952,0.011230588
Ox6004601,5,hl,0.737476159,0.004861602
Ox6004701,1,bg,0.450156695,0.003642808
Ox6004701,2,bg,0.116039888,0.009661829
Ox6004701,3,cl,0.722927724,0.016660827
Ox6004701,4,bg,0.623182049,0.018533665
Ox6004701,5,hl,0.551023733,0.014743351
Ox6004801,1,bg,0.292737671,0.005430922
Ox6004801,2,bg,0.133059753,0.004942261
Ox6004801,3,cl,-0.135132566,0.007560642
Ox6004801,4,bg,0.316097726,0.002484303
Ox6004801,5,hl,2.655370299,0.014232123
Ox6004901,1,bg,0.159750296,0.002398716
Ox6004901,2,bg,0.165217176,0.004773931
Ox6004901,3,cl,0.313942689,0.007707132
Ox6004901,4,bg,0.874793742,0.01281087
Ox6004901,5,hl,1.293906986,0.053565054
Ox6005501,1,bg,0.877935032,0.014268584
Ox6005501,2,bg,0.764837346,0.024324921
Ox6005501,3,cl,3.316673246,0.652760381
Ox6005501,4,bg,2.528583483,0.120146709
Ox6005501,5,hl,1.017041204,0.082744658
Ox6005601,1,bg,0.463187111,0.014960057
Ox6005601,2,bg,0.473036194,0.01070015
Ox6005601,3,cl,0.101721267,0.004543614
Ox6005601,4,bg,0.547238561,0.008619492
Ox6005601,5,hl,0.812270615,0.016499233
Ox6005701,1,bg,0.420863399,0.005027896
Ox6005701,2,bg,0.673680331,0.006880799
Ox6005701,3,cl,0.77538522,0.003629621
Ox6005701,4,bg,0.320742443,0.006076409
Ox6005701,5,hl,-0.122384585,0.008878928
Ox6006001,1,bg,0.831935425,0.008491713
Ox6006001,2,bg,0.515736404,0.005577949
Ox6006001,3,cl,0.486622724,0.027818777
Ox6006001,4,bg,0.941388201,0.007403603
Ox6006001,5,hl,0.643648377,0.003802406
Ox6006101,1,bg,0.435992348,0.020018169
Ox6006101,2,bg,0.08290415,0.003185056
Ox6006101,3,cl,0.676508695,0.00357002
Ox6006101,4,bg,0.330116353,0.00782532
Ox6006101,5,hl,0.402974214,0.004964297
Ox6006401,1,bg,0.289047726,0.009391022
Ox6006401,2,bg,0.301574432,0.006293856
Ox6006401,3,cl,0.866388104,0.013130416
Ox6006401,4,bg,0.180803594,0.002185936
Ox6006401,5,hl,0.994381105,0.004708173
Ox6006501,1,bg,0.40533106,0.004313559
Ox6006501,2,bg,1.165494358,0.017975136
Ox6006501,3,cl,0.222604704,0.007317841
Ox6006501,4,bg,0.737275758,0.013318831
Ox6006501,5,hl,0.739220801,0.033074113
Ox6006601,1,bg,0.428641311,0.012652992
Ox6006601,2,bg,0.174779765,0.014908863
Ox6006601,3,cl,1.430107206,0.060114287
Ox6006601,4,bg,0.492877826,0.005948754
Ox6006601,5,hl,2.60778136,0.065379942
Ox6006701,1,bg,0.119787879,0.010752847
Ox6006701,2,bg,2.172503224,0.04625517
Ox6006701,3,cl,0.483483972,0.015074836
Ox6006801,1,bg,0.698408439,0.009049563
Ox6006801,2,bg,0.290675524,0.002441649
Ox6006801,3,cl,0.243476789,0.002253063
Ox6006801,4,bg,0.373197433,0.010236037
Ox6006801,5,hl,0.161484112,0.013966388
Ox6006901,1,bg,-0.044999452,0.022132011
Ox6006901,2,bg,-0.144167232,0.009710456
Ox6006901,3,cl,0.475776174,0.012526186
Ox6006901,4,bg,0.414105042,0.015248697
Ox6006901,5,hl,0.258850383,0.013825144
Ox6007001,1,bg,-0.075887551,0.0624124
Ox6007001,2,bg,0.17027684,0.008618386
Ox6007001,3,cl,-0.113683077,0.032709124
Ox6007001,4,bg,0.481913561,0.012852616
Ox6007001,5,hl,1.256331245,0.07548955
Ox6007401,1,bg,0.103380396,0.010506677
Ox6007401,2,bg,0.372938754,0.005337495
Ox6007401,3,cl,0.311643298,0.005652814
Ox6007401,4,bg,0.771141639,0.015210286
Ox6007401,5,hl,1.127263735,0.143834059
Ox6007601,1,bg,0.475079891,0.01824855
Ox6007601,2,bg,0.442579575,0.01109462
Ox6007601,3,cl,0.646448909,0.019973947
Ox6007601,4,bg,0.15708913,0.014071774
Ox6007601,5,hl,2.601967455,0.100788126
Ox6007701,1,bg,0.230625763,0.035638119
Ox6007701,2,bg,0.176934166,0.033115418
Ox6007701,3,cl,0.591686377,0.021814369
Ox6007701,4,bg,1.082973297,0.034519973
Ox6007701,5,hl,0.146623322,0.018738075
Ox6007801,1,bg,0.323004671,0.005525784
Ox6007801,2,bg,0.064283913,0.01540067
Ox6007801,3,cl,-0.282494837,0.03096566
Ox6007801,4,bg,0.248480988,0.016535756
Ox6007801,5,hl,0.662692328,0.009018221
Ox6007901,1,bg,-0.055011599,0.006163051
Ox6007901,2,bg,0.457908134,0.015148174
Ox6007901,3,cl,0.529163482,0.013363963
Ox6007901,4,bg,0.418167298,0.01245637
Ox6007901,5,hl,0.375018479,0.019455626
Ox6008301,1,bg,2.076837482,0.016776282
Ox6008301,2,bg,0.382609915,0.009786696
Ox6008301,3,cl,-0.018467583,0.012542542
Ox6008301,4,bg,1.034062508,0.026766277
Ox6008301,5,hl,3.52320976,0.16610573
Ox6008401,1,bg,2.700481586,0.187597453
Ox6008401,2,bg,0.354999905,0.006075864
Ox6008401,3,cl,0.312972326,0.003612002
Ox6008401,4,bg,0.689779483,0.011899078
Ox6008401,5,hl,1.149655553,0.011012806
Ox6008801,1,bg,0.760104784,0.030338813
Ox6008801,2,bg,0.830067557,0.014524692
Ox6008801,3,cl,1.293094188,0.115608575
Ox6008801,4,bg,0.106609327,0.01094213
Ox6008801,5,hl,0.189810031,0.027316371
Ox6008901,1,bg,0.072762087,0.091693576
Ox6008901,2,bg,-0.068545384,0.084841457
Ox6008901,3,cl,0.19245136,0.010848005
Ox6008901,4,bg,0.307090336,0.013735043
Ox6008901,5,hl,0.667094061,0.010569141
Ox6009001,1,bg,0.356939397,0.022970059
Ox6009001,2,bg,0.147808142,0.004771149
Ox6009001,3,cl,0.148589185,0.014138404
Ox6009001,4,bg,-0.216537335,0.01163405
Ox6009001,5,hl,0.618213095,0.012761995
Ox6009101,1,bg,0.4860045,0.005886507
Ox6009101,2,bg,0.61684981,0.005676998
Ox6009101,3,cl,0.261092078,0.01186636
Ox6009101,4,bg,0.379188243,0.004145923
Ox6009101,5,hl,0.511203255,0.016883763
Ox6009201,1,bg,0.176936346,0.007813321
Ox6009201,2,bg,1.039045443,0.00254865
Ox6009201,3,cl,1.018796402,0.106598974
Ox6009201,4,bg,1.368618608,0.01476237
Ox6009201,5,hl,0.972687949,0.039880286
Ox6009301,1,bg,0.45720983,0.013240962
Ox6009301,2,bg,0.101115269,0.013423664
Ox6009301,3,cl,0.327343722,0.001788869
Ox6009301,4,bg,0.62352912,0.00592473
Ox6009301,5,hl,0.426360296,0.022811702
Ox6009401,1,bg,0.07986461,0.002986469
Ox6009401,2,bg,0.586009436,0.009828184
Ox6009401,3,cl,0.332393595,0.016993002
Ox6009401,4,bg,0.330795459,0.015863726
Ox6009401,5,hl,1.161377998,0.007801269
Ox6009501,1,bg,0.148013479,0.002766482
Ox6009501,2,bg,0.435647023,0.007289146
Ox6009501,3,cl,0.317638283,0.017971983
Ox6009501,4,bg,0.314466632,0.010862392
Ox6009501,5,hl,0.371542972,0.011386813
Ox6009601,1,bg,0.761211976,0.02940589
Ox6009601,2,bg,1.342053427,0.056880845
Ox6009601,3,cl,0.667455381,0.022333403
Ox6009601,4,bg,0.47257693,0.015740596
Ox6009601,5,hl,0.616425724,0.011572957
Ox6009801,1,bg,0.879746614,0.013198988
Ox6009801,2,bg,0.35660838,0.004117356
Ox6009801,3,cl,0.78179213,0.006700711
Ox6009801,4,bg,0.62943284,0.012467346
Ox6009801,5,hl,1.888745257,0.010793422
Ox6009901,1,bg,0.817574221,0.037293458
Ox6009901,2,bg,0.250775984,0.021966341
Ox6009901,3,cl,0.310399318,0.003185489
Ox6009901,4,bg,0.055754174,0.0167114
Ox6009901,5,hl,0.828900986,0.033170454
Ox6010001,1,bg,0.269211433,0.010333335
Ox6010001,2,bg,-0.483944944,0.015502656
Ox6010001,3,cl,0.585728588,0.008114548
Ox6010001,4,bg,0.241531665,0.021060614
Ox6010001,5,hl,1.419953468,0.009356842
Ox6010101,1,bg,0.640819091,0.028779248
Ox6010101,2,bg,0.603365588,0.01773754
Ox6010101,3,cl,0.477571585,0.003165757
Ox6010101,4,bg,0.672428137,0.007585532
Ox6010101,5,hl,1.271325831,0.015775937
Ox6010201,1,bg,1.205726493,0.008989789
Ox6010201,2,bg,0.43991268,0.019087293
Ox6010201,3,cl,0.623120799,0.00596712
Ox6010201,4,bg,-0.092131814,0.02147387
Ox6010201,5,hl,0.788427622,0.051460959
Ox6010301,1,bg,0.366215482,0.006812494
Ox6010301,2,bg,-0.240569654,0.086972688
Ox6010301,3,cl,0.454956516,0.006250173
Ox6010301,4,bg,0.126018439,0.006556081
Ox6010301,5,hl,0.886390529,0.020954028
Ox6010401,1,bg,0.982957666,0.01241679
Ox6010401,2,bg,0.054175871,0.011542107
Ox6010401,3,cl,0.304794193,0.005382861
Ox6010401,4,bg,0.517123859,0.001763145
Ox6010401,5,hl,-0.020675705,0.00488769
Ox6010501,1,bg,0.295178817,0.023028632
Ox6010501,2,bg,0.448823052,0.013565102
Ox6010501,3,cl,0.655284678,0.016132394
Ox6010501,4,bg,1.006785694,0.008725534
Ox6010501,5,hl,0.478846032,0.013884079
Ox6010601,1,bg,0.54216745,0.015901906
Ox6010601,2,bg,0.219353196,0.030950259
Ox6010601,3,cl,0.47305237,0.038160874
Ox6010601,4,bg,0.742424034,0.014343565
Ox6010601,5,hl,1.206193905,0.038144821
Ox6010701,1,bg,0.377418101,0.01215308
Ox6010701,2,bg,0.283467997,0.01373096
Ox6010701,3,cl,3.165290709,0.051808798
Ox6010701,4,bg,0.25466797,0.021317458
Ox6010701,5,hl,1.613351205,0.08470585
Ox6011001,1,bg,0.043470071,0.004015406
Ox6011001,2,bg,1.556372683,0.015362131
Ox6011001,3,cl,-0.066126516,0.009595796
Ox6011001,4,bg,0.100725626,0.004496757
Ox6011001,5,hl,1.274387942,0.006549511
Ox6011201,1,bg,0.223513762,0.007527546
Ox6011201,2,bg,0.65459,0.007649195
Ox6011201,3,cl,0.553262935,0.004154529
Ox6011201,4,bg,0.335344963,0.005166119
Ox6011201,5,hl,0.804481008,0.003379904
Ox6011301,1,bg,0.030735876,0.002226523
Ox6011301,2,bg,0.04985362,0.001807958
Ox6011301,3,cl,1.251703451,0.079412849
Ox6011301,4,bg,0.198020202,0.000989343
Ox6011301,5,hl,0.304022375,0.012585658
Ox6011401,1,bg,1.099903696,0.038665111
Ox6011401,2,bg,0.277200214,0.016101585
Ox6011401,3,cl,0.359199304,0.02324713
Ox6011401,4,bg,0.176814788,0.010053927
Ox6011401,5,hl,1.059631394,0.0210628
Ox6100301,1,bg,0.034204487,0.002577214
Ox6100301,2,bg,0.312361088,0.019157598
Ox6100301,3,tf,-0.137669501,0.00583124
Ox6100401,1,bg,0.063130525,0.000715595
Ox6100401,2,bg,0.136555564,0.006099319
Ox6100401,3,tf,0.808691212,0.009814573
Ox6100501,1,bg,0.055144181,0.002623203
Ox6100501,2,bg,0.053330156,0.003816342
Ox6100501,3,tf,0.137608129,0.003390825
Ox6100801,1,bg,0.129305424,0.001230508
Ox6100801,2,bg,0.100276219,0.02922403
Ox6100801,3,tf,0.636824753,0.009666237
Ox6100901,1,bg,1.084631326,0.019973129
Ox6100901,2,bg,0.044596538,0.001331534
Ox6100901,3,tf,1.179515471,0.024851484
Ox6101101,1,bg,0.505377896,0.001291005
Ox6101101,2,bg,0.286333958,0.002495177
Ox6101101,3,tf,0.255052272,0.00188383
Ox6101201,1,bg,0.259872482,0.004488114
Ox6101201,2,bg,0.437351853,0.003275842
Ox6101201,3,tf,1.413282967,0.01458933
Ox6101401,1,bg,0.164353382,0.005979188
Ox6101401,2,bg,0.461701186,0.018169926
Ox6101401,3,tf,0.002216501,0.009332094
Ox6101601,1,bg,0.111908745,0.003636722
Ox6101601,2,bg,-0.338499393,0.008280435
Ox6101601,3,tf,0.197688956,0.012757591
Ox6101601,4,bg,0.292177619,0.023621464
Ox6101601,5,cl,0.059541115,0.004878171
Ox6101601,6,bg,0.519720072,0.010484697
Ox6101601,7,hl,0.564781219,0.019149353
Ox6101701,1,bg,0.698604602,0.010977191
Ox6101701,2,bg,0.252141895,0.005425597
Ox6101701,3,tf,0.411307749,0.007648127
Ox6101901,1,bg,0.352615947,0.031173366
Ox6101901,2,bg,0.22285502,0.006428041
Ox6101901,3,tf,0.7445717,0.015235997
Ox6102001,1,bg,0.305834587,0.004826005
Ox6102001,2,bg,1.408746081,0.011866394
Ox6102001,3,tf,0.284686168,0.016169735
Ox6102101,1,bg,-0.269161353,0.008321391
Ox6102101,2,bg,-0.325998289,0.166913623
Ox6102101,3,tf,1.713351715,0.034329498
Ox6102401,1,bg,0.36886146,0.004626987
Ox6102401,2,bg,0.224431886,0.003093397
Ox6102401,3,tf,0.246892814,0.003829614
Ox6102601,1,bg,0.279658909,0.011322052
Ox6102601,2,bg,0.40789516,0.007135262
Ox6102601,3,tf,0.012553113,0.005342486
Ox6102801,1,bg,0.556769643,0.003774547
Ox6102801,2,bg,0.5795201,0.007265664
Ox6102801,3,tf,2.202752232,0.018224173
Ox6103001,1,bg,0.383563038,0.018409222
Ox6103001,2,bg,0.310358894,0.003920969
Ox6103001,3,tf,0.342702664,0.003169797
Ox6103301,1,bg,0.42135971,0.001334367
Ox6103301,2,bg,0.269891247,0.028626841
Ox6103301,3,tf,1.723903208,0.045378834
Ox6103301,4,bg,-0.111558158,0.006831635
Ox6103301,5,cl,0.867728664,0.011553591
Ox6103301,6,bg,-0.077336625,0.002750557
Ox6103301,7,hl,1.590112378,0.041643446
Ox6103401,1,bg,0.195984139,0.002303874
Ox6103401,2,bg,0.110298368,0.005884355
Ox6103401,3,tf,0.307662632,0.002804255
Ox6103501,1,bg,0.356564785,0.005762216
Ox6103501,2,bg,0.709507865,0.007890544
Ox6103501,3,tf,0.626073229,0.020190479
Ox6103601,1,bg,0.32747347,0.004262093
Ox6103601,2,bg,0.201345429,0.001176002
Ox6103601,3,tf,0.574262567,0.009130807
Ox6103701,1,bg,0.733078548,0.017469746
Ox6103701,2,bg,0.228880554,0.012419032
Ox6103701,3,tf,0.435417262,0.014710874
Ox6103801,1,bg,0.184198248,0.002647053
Ox6103801,2,bg,0.435041079,0.009958973
Ox6103801,3,tf,0.44823169,0.029865684
Ox6103901,1,bg,0.289579831,0.012794866
Ox6103901,2,bg,0.968753119,0.015302541
Ox6103901,3,tf,0.079887316,0.020336884
Ox6104201,1,bg,-0.003163238,0.005148012
Ox6104201,2,bg,0.482128986,0.014383366
Ox6104201,3,tf,-0.035137454,0.013268028
Ox6104301,1,bg,0.510865649,0.01281968
Ox6104301,2,bg,0.040875404,0.029469325
Ox6104301,3,tf,0.393618538,0.008776674
Ox6104301,4,bg,0.936121323,0.006409515
Ox6104301,5,hl,0.62717233,0.001537892
Ox6104401,1,bg,0.963716163,0.009691051
Ox6104401,2,bg,0.114659024,0.0193752
Ox6104401,3,tf,0.686600394,0.024847838
Ox6104801,1,bg,0.731961196,0.016390007
Ox6104801,2,bg,0.21328115,0.002768546
Ox6104801,3,tf,0.56798592,0.004940414
Ox6104901,1,bg,1.196142471,0.059549386
Ox6104901,2,bg,1.087508266,0.031277762
Ox6104901,3,tf,-0.013103026,0.020434053
Ox6104901,4,bg,0.3145692,0.004660506
Ox6104901,5,cl,-0.015621677,0.003702591
Ox6104901,6,bg,0.558353056,0.012165752
Ox6104901,7,hl,0.030276694,0.013232152
Ox6105101,1,bg,0.300963277,0.004374545
Ox6105101,2,bg,0.340390788,0.006541571
Ox6105101,3,tf,1.144629562,0.028468342
Ox6105201,1,bg,1.002229983,0.020251447
Ox6105201,2,bg,0.26135668,0.003713664
Ox6105201,3,tf,0.801002286,0.011646134
Ox6105301,1,bg,-0.083024151,0.028548626
Ox6105301,2,bg,0.140162188,0.010375705
Ox6105301,3,tf,0.306009965,0.006349803
Ox6105501,1,bg,0.328380183,0.001746662
Ox6105501,2,bg,0.44521882,0.005500481
Ox6105501,3,tf,0.707747377,0.018414629
Ox6105601,1,bg,0.016769656,0.004216744
Ox6105601,2,bg,0.034962003,0.007576219
Ox6105601,3,cl,0.835768326,0.010122913
Ox6105601,4,bg,0.090292315,0.012570728
Ox6105601,5,hl,0.870740298,0.023175499
Ox6105601,6,bg,-0.016979561,0.013549475
Ox6105601,7,tf,0.479107384,0.014551816
Ox6105701,1,bg,0.16277454,0.002627809
Ox6105701,2,bg,0.248898246,0.016340703
Ox6105701,3,tf,0.278833296,0.002897553
Ox6105701,4,bg,0.610446107,0.009970524
Ox6105701,5,cl,0.988470631,0.026691142
Ox6105701,6,bg,0.163412528,0.006238455
Ox6105701,7,hl,2.483339405,0.024640255
Ox6105801,1,bg,0.087367642,0.0042767
Ox6105801,2,bg,0.378717489,0.029625592
Ox6105801,3,tf,1.164265524,0.036446189
Ox6105901,1,bg,0.132692703,0.001962879
Ox6105901,2,bg,0.427348106,0.004207046
Ox6105901,3,tf,0.585800751,0.004228119
Ox6106001,1,bg,0.056904683,0.008139171
Ox6106001,2,bg,1.736484027,0.038437813
Ox6106001,3,tf,0.620709081,0.013957167
Ox6106101,1,bg,-0.210883645,0.015986776
Ox6106101,2,bg,0.199865197,0.006376693
Ox6106101,3,tf,0.558554303,0.004633957
Ox6106201,1,bg,0.341301098,0.001276498
Ox6106201,2,bg,0.156730388,0.00296975
Ox6106201,3,tf,0.042307116,0.007736486
Ox6106301,1,bg,0.737667824,0.005870332
Ox6106301,2,bg,0.08265484,0.016803841
Ox6106301,3,tf,0.392704674,0.01139783
Ox6106601,1,bg,0.013302573,0.024000581
Ox6106601,2,bg,0.58222339,0.025168442
Ox6106601,3,tf,0.736593858,0.01291172
Ox6106601,4,bg,0.514140147,0.018824921
Ox6106601,5,cl,0.123648967,0.012922098
Ox6106601,6,bg,0.013180137,0.028210811
Ox6106601,7,hl,1.618893147,0.015811139
Ox6106701,1,bg,1.268413701,0.072709868
Ox6106701,2,bg,0.429727412,0.050208595
Ox6106701,3,tf,0.926912022,0.06396146
Ox6106901,1,bg,0.309033425,0.005674291
Ox6106901,2,bg,0.162417035,0.00506684
Ox6106901,3,cl,-0.030141541,0.010112901
Ox6106901,4,bg,0.096541499,0.005917862
Ox6106901,5,hl,0.344805117,0.007882852
Ox6900101,1,bg,0.387078289,0.030391334
Ox6900101,2,bg,1.276889106,0.037483828
Ox6900101,3,tf,1.073755732,0.068975459
Ox6900202,1,bg,0.855806515,0.015452201
Ox6900202,2,tf,0.880393904,0.009906016
Ox6900301,1,bg,0.188056271,0.007293713
Ox6900301,2,bg,0.336209108,0.053850922
Ox6900301,3,tf,0.205657921,0.03615471
Ox6900501,1,bg,0.17192428,0.003375938
Ox6900501,2,bg,0.598099108,0.025816398
Ox6900501,3,tf,0.550783428,0.028557882
Ox6900602,1,bg,0.065753677,0.000795435
Ox6900602,2,bg,0.476245524,0.002864963
Ox6900602,3,tf,0.409736433,0.006622339
Ox6900801,1,bg,0.136449501,0.004118299
Ox6900801,2,bg,0.085962272,0.001673851
Ox6900801,3,tf,0.248996054,0.001405096
Ox6900901,1,bg,0.409935381,0.00463181
Ox6900901,2,bg,0.156178928,0.002949302
Ox6900901,3,tf,0.255554459,0.008442109
Ox6901001,1,bg,0.481873551,0.004646918
Ox6901001,2,bg,0.169754982,0.023020656
Ox6901001,3,tf,0.528368085,0.007218987
Ox6901101,1,bg,0.408343516,0.004235085
Ox6901101,2,bg,0.184658848,0.003535813
Ox6901101,3,tf,0.163787338,0.011302914
Ox6901201,1,bg,0.216411263,0.001492931
Ox6901201,2,bg,0.368251016,0.009189509
Ox6901201,3,tf,0.465479751,0.008739767
Ox6901301,1,bg,0.033184644,0.004401787
Ox6901301,2,bg,0.141629416,0.012859234
Ox6901301,3,tf,0.424560839,0.019505237
Ox6901501,1,bg,0.521765798,0.005558457
Ox6901501,2,bg,0.1789185,0.016157328
Ox6901501,3,tf,1.209911963,0.020312446
Ox6901701,1,bg,0.385484887,0.000750389
Ox6901701,2,bg,0.290556003,0.001802643
Ox6901701,3,tf,0.175552462,0.001779673
Ox6901901,1,bg,0.337324555,0.005246091
Ox6901901,2,bg,0.338483267,0.015612432
Ox6901901,3,tf,0.604658024,0.020869048
Ox6902101,1,bg,0.549586103,0.005922593
Ox6902101,2,bg,0.01963323,0.005180865
Ox6902101,3,tf,0.882215329,0.029166024
Ox6902101,4,bg,0.300739898,0.00154917
Ox6902101,5,hl,0.629468808,0.018434257
P10015,1,bg,0.839748901,0.004489267
P10015,2,bg,0.206956366,0.01426153
P10015,3,cl,0.951955779,0.025030909
P10015,4,bg,0.31373128,0.041207838
P10015,5,hl,1.244337069,0.007060167
P10026,1,bg,0.058026496,0.002715947
P10026,2,bg,0.47346668,0.003003653
P10026,3,cl,0.069779812,0.001699828
P10026,4,bg,0.018069094,0.001418823
P10026,5,hl,0.416796904,0.004770079
P10031,1,bg,0.144531327,0.005964199
P10031,2,bg,0.051706356,0.000951667
P10031,3,cl,0.109568512,0.00311534
P10031,4,bg,0.569176701,0.015382818
P10031,5,hl,0.18431103,0.006316216
P10048,1,bg,0.522435883,0.008608044
P10048,2,bg,0.434446735,0.004492366
P10048,3,cl,0.186430668,0.011082548
P10048,4,bg,0.302552256,0.007303753
P10048,5,hl,0.408813668,0.042226579
P10057,1,bg,0.017714814,0.001999036
P10057,2,bg,0.538511109,0.005020542
P10057,3,cl,0.111236048,0.010666853
P10057,4,bg,0.117709707,0.001349023
P10057,5,hl,1.198194978,0.010451223
P10060,1,bg,0.18849545,0.004579151
P10060,2,bg,0.125441442,0.004083006
P10060,3,cl,0.166253795,0.0063612
P10060,4,bg,0.034499535,0.002052408
P10060,5,hl,1.28437647,0.010689996
P10073,1,bg,0.010639744,0.005154275
P10073,2,bg,0.587517402,0.005957732
P10073,3,cl,0.014755501,0.013796036
P10073,4,bg,0.328383836,0.008249883
P10073,5,hl,0.701747093,0.009042909
P10082,1,bg,0.302980062,0.001236727
P10082,2,bg,-0.001114438,0.000568767
P10082,3,cl,0.816872631,0.036605537
P10082,4,bg,0.016721524,0.000323669
P10082,5,hl,0.553331011,0.025631426
P10099,1,bg,0.133008308,0.005499469
P10099,2,bg,0.654990241,0.016329701
P10099,3,cl,0.2920326,0.025383302
P10099,4,bg,0.614771963,0.015575803
P10099,5,hl,0.938879323,0.011998593
P10103,1,bg,0.111692078,0.001412604
P10103,2,bg,0.045986964,0.003986794
P10103,3,cl,0.466039422,0.008015617
P10103,4,bg,0.582832798,0.005550467
P10103,5,hl,1.050581167,0.01324353
P10111,1,bg,0.140395538,0.001915646
P10111,2,bg,0.673499686,0.00577509
P10111,3,cl,0.27463764,0.005506323
P10111,4,bg,0.606518166,0.006907787
P10111,5,hl,0.350812587,0.00695296
P10120,1,bg,0.044858024,0.000184009
P10120,2,bg,0.279782229,0.001017411
P10120,3,cl,0.450456597,0.017398831
P10120,4,bg,0.08678201,0.002644067
P10120,5,hl,1.250022892,0.015322222
P10134,1,bg,0.616462012,0.021030801
P10134,2,bg,0.113779948,0.003992048
P10134,3,cl,0.549691522,0.031851763
P10134,4,bg,0.432007221,0.025881595
P10134,5,hl,2.994924504,0.026673706
P10142,1,bg,0.391647099,0.000871407
P10142,2,bg,-0.002070361,0.000767362
P10142,3,cl,0.067229235,0.002250153
P10142,4,bg,0.029531888,0.000444534
P10142,5,hl,0.682824409,0.002861307
P10156,1,bg,0.608917245,0.002520719
P10156,2,bg,0.11661446,0.007780389
P10156,3,cl,0.180636684,0.004130937
P10156,4,bg,0.549245098,0.008846357
P10156,5,hl,0.817453045,0.01365109
P10179,1,bg,0.096794302,0.000810484
P10179,2,bg,0.32062179,0.000519476
P10179,3,cl,0.05300958,0.001760721
P10179,4,bg,0.054939808,0.001943133
P10179,5,hl,0.412850426,0.005715973
P10187,1,bg,0.022645342,0.002303891
P10187,2,bg,0.282131934,0.009540615
P10187,3,cl,0.414010183,0.01337293
P10187,4,bg,0.713600854,0.004110872
P10187,5,hl,1.654136681,0.056115527
P10202,1,bg,0.188549165,0.029090314
P10202,2,bg,-0.001820904,0.017857472
P10202,3,cl,0.432564788,0.011769496
P10202,4,bg,0.331200845,0.004792375
P10202,5,hl,0.662328483,0.00352323
P10216,1,bg,0.025000033,0.000923779
P10216,2,bg,0.200302244,0.003583699
P10216,3,cl,0.133310376,0.003297042
P10216,4,bg,0.086857774,0.000295349
P10216,5,hl,0.563046798,0.007449045
P10225,1,bg,0.08647621,0.006302762
P10225,2,bg,0.688041884,0.011247521
P10225,3,cl,0.620701087,0.016508063
P10225,4,bg,0.701397333,0.001458091
P10225,5,hl,1.358123935,0.029947045
P10237,1,bg,0.319546949,0.003072269
P10237,2,bg,0.026586237,0.00312158
P10237,3,cl,0.166815814,0.007563024
P10237,4,bg,0.368212335,0.005043065
P10237,5,hl,0.278285848,0.00088482
P10243,1,bg,0.094325579,0.001365695
P10243,2,bg,0.127583348,0.002381769
P10243,3,cl,0.195134767,0.004083817
P10243,4,bg,0.024751026,0.001769944
P10243,5,hl,0.999672954,0.004504676
P10251,1,bg,-0.011289703,0.003532749
P10251,2,bg,0.219132681,0.014871571
P10251,3,cl,0.320333658,0.010650557
P10251,4,bg,0.150741036,0.009974548
P10251,5,hl,2.659430941,0.046187419
P10269,1,bg,0.096548447,0.007643788
P10269,2,bg,0.261813783,0.006765366
P10269,3,cl,0.269298432,0.003747846
P10269,4,bg,0.096256605,0.004394128
P10269,5,hl,1.295912244,0.009343123
P10278,1,bg,0.288728572,0.004588804
P10278,2,bg,0.126790473,0.002136479
P10278,3,cl,0.024833899,0.00554192
P10278,4,bg,0.090390776,0.000862867
P10278,5,hl,1.83845082,0.018943972
P10284,1,bg,0.037609343,0.002618848
P10284,2,bg,0.227417185,0.008857108
P10284,3,cl,0.238176939,0.007428276
P10284,4,bg,-0.068021322,0.003226104
P10284,5,hl,0.217283222,0.0097084
P10290,1,bg,0.679591216,0.017557981
P10290,2,bg,0.383844019,0.002746515
P10290,3,cl,-0.089561462,0.011838771
P10290,4,bg,0.299160355,0.008091122
P10290,5,hl,0.663830523,0.011842308
P10307,1,bg,0.112178818,0.007644708
P10307,2,bg,0.079881346,0.001223194
P10307,3,cl,0.401999836,0.011029676
P10307,4,bg,0.133109669,0.001987346
P10307,5,hl,1.202488149,0.020060955